Bacia,Consumo Interno,Queima,Disponível,Injeção,Injeção descontando CO2,Produção,Produção descontando CO2,mes
Santos,7787.03310870968,1566.24487806452,32305.7592748387,58039.3478041935,NA,99698.3850658065,NA,2022-03-01
Solimões,438.675741290323,244.99687,6080.64457645161,6959.78609677419,NA,13724.1032845161,NA,2022-03-01
Campos,5305.66584645161,952.307425483871,6729.78213774194,207.663967741935,NA,13195.4193774194,NA,2022-03-01
Camamu,75.8890322580645,3.49229032258065,2813.33433322581,0,NA,2892.71565580645,NA,2022-03-01
Recôncavo,115.338758064516,74.5524135483871,1588.73152451613,390.763799354839,NA,2169.38649548387,NA,2022-03-01
Potiguar,99.5911464516129,35.8764016129032,761.509624516129,0,NA,896.977172580645,NA,2022-03-01
Espírito Santo,267.470598709677,38.6933035483871,482.161509677419,0,NA,788.325411935484,NA,2022-03-01
Alagoas,2.23889838709677,16.5452074193548,550.498407096774,3.35161290322581e-4,NA,569.282848064516,NA,2022-03-01
Amazonas,1.57766548387097,12.7305038709677,335.050736451613,0,NA,349.358905806452,NA,2022-03-01
Tucano Sul,3.32267677419355,0.00410290322580645,73.9558119354839,0,NA,77.2825916129032,NA,2022-03-01
Sergipe,20.0770358064516,15.5478532258065,1.68415,13.0518064516129,NA,50.360845483871,NA,2022-03-01
Parnaíba,1.72768548387097,15.7513280645161,13.1051932258065,0,NA,30.5842067741935,NA,2022-03-01
Barreirinhas,0,0.101677419354839,0,0,NA,0.101677419354839,NA,2022-03-01
Total Geral,14118.608193871,2976.84425548387,51736.2172796774,65610.6138096774,NA,134442.28353871,NA,2022-03-01
Santos,8315.046454516129,1963.821786774194,29965.96222935484,62686.22385903226,NA,102632.41687419356,NA,2022-08-01
Solimões,432.7422577419354,105.01877419354838,6150.742354516128,6510.1340322580645,NA,13198.637418709677,NA,2022-08-01
Campos,5114.706846129033,1049.0685325806453,5866.812503870967,32.93025806451613,NA,11923.264950967741,NA,2022-08-01
Parnaíba,26.83091870967742,8.577489032258066,4551.285339999999,0,NA,4586.693747741936,NA,2022-08-01
Camamu,73.46903225806452,3.547032258064516,2483.378322580645,0,NA,2560.394387096774,NA,2022-08-01
Recôncavo,123.28837870967743,56.18889999999998,1850.6170006451614,367.39489741935483,NA,2377.4166390322575,NA,2022-08-01
Potiguar,233.8150074193549,45.655653870967754,746.5890706451612,0,NA,910.2331516129035,NA,2022-08-01
Espírito Santo,132.5711935483871,14.383489354838712,580.0373235483871,0,NA,651.7012967741935,NA,2022-08-01
Alagoas,1.6817909677419354,17.24359967741935,533.4692196774195,0.005564193548387097,NA,552.400174516129,NA,2022-08-01
Amazonas,2.5346593548387095,27.60608935483871,360.25843258064515,0,NA,390.39918064516127,NA,2022-08-01
Tucano Sul,2.849192903225807,0.011002903225806451,146.94218548387096,0,NA,149.80238129032261,NA,2022-08-01
Paraná,0,0,23.761612903225807,0,NA,23.761612903225807,NA,2022-08-01
Sergipe,0.19754967741935484,3.1430209677419354,2.274127419354839,0,NA,5.614698064516128,NA,2022-08-01
Total,14459.733281935487,3294.265370967742,53262.1297232258,69596.68861096774,NA,139962.73651354839,NA,2022-08-01
Santos,8946.891964516128,2377.1240583870963,30395.062287096778,62723.23208451613,NA,104262.26609258067,NA,2022-12-01
Solimões,460.1651209677419,88.1228064516129,6466.1824216129025,6301.326064516129,NA,13315.796413548387,NA,2022-12-01
Campos,4639.566796451614,943.920504516129,5527.199001612903,96.96526322580645,NA,11000.080604516128,NA,2022-12-01
Parnaíba,37.82403483870967,6.999930967741935,3806.071987419355,0,NA,3850.895953225806,NA,2022-12-01
Recôncavo,129.04822290322582,64.61323483870967,1973.3449987096767,338.7998093548387,NA,2482.5909841935486,NA,2022-12-01
Camamu,63.75087451612903,3.1168948387096775,1938.263400967742,0,NA,2005.1311703225806,NA,2022-12-01
Potiguar,198.61521709677422,50.563587096774185,877.7550951612906,0,NA,1025.5196499999997,NA,2022-12-01
Alagoas,2.0083441935483872,17.267290645161292,830.233150967742,0.04234290322580645,NA,849.5511287096775,NA,2022-12-01
Amazonas,2.2987929032258063,132.61168903225808,466.8904867741935,0,NA,601.8009680645162,NA,2022-12-01
Espírito Santo,121.21741935483873,8.452970322580647,530.5509416129032,0,NA,574.0142987096775,NA,2022-12-01
Tucano Sul,2.455160322580645,0.005149999999999999,108.11625516129033,0,NA,110.57656548387097,NA,2022-12-01
Sergipe,4.42803870967742,14.02104064516129,12.34848612903226,7.191327741935484,NA,37.707532903225804,NA,2022-12-01
Paraná,0,0,26.903225806451612,0,NA,26.903225806451612,NA,2022-12-01
Total,14608.269986774194,3706.8191577419357,52958.92173903225,69467.55689225806,NA,140142.83458806455,NA,2022-12-01
Santos,7767.433289032258,2711.610015483871,30720.52058193549,59440.87673580645,NA,100332.77154741934,NA,2022-07-01
Solimões,448.49170967741935,175.3193548387097,6210.859935483871,6378.299,NA,13212.969999999998,NA,2022-07-01
Campos,4950.770221290323,965.7145116129032,4631.889650967741,310.5982258064517,NA,10711.155799032256,NA,2022-07-01
Parnaíba,22.488257419354838,19.682082903225808,3319.224354516129,0,NA,3361.3946948387097,NA,2022-07-01
Camamu,77.30799999999999,3.2893870967741936,2816.662322580645,0,NA,2897.25970967742,NA,2022-07-01
Recôncavo,131.32123483870967,60.049627419354856,1708.3271735483866,346.9285551612903,NA,2221.0380874193547,NA,2022-07-01
Potiguar,220.62106419354836,48.92255419354838,740.1548377419355,0,NA,901.0902764516129,NA,2022-07-01
Alagoas,2.089941612903226,14.493364838709677,878.4534903225806,0.010700322580645162,NA,895.0474970967741,NA,2022-07-01
Espírito Santo,125.24690322580646,14.318404516129029,379.68370548387094,0,NA,481.5880793548388,NA,2022-07-01
Amazonas,2.8381390322580646,54.437978709677424,407.40339290322584,0,NA,464.67951032258065,NA,2022-07-01
Tucano Sul,3.674870322580645,0.010315806451612902,129.39645741935482,0,NA,133.08164354838706,NA,2022-07-01
Paraná,0,0,11.855161290322581,0,NA,11.855161290322581,NA,2022-07-01
Sergipe,0.1890506451612903,3.8727945161290327,1.5900909677419355,0.017903225806451616,NA,5.669839354838709,NA,2022-07-01
Total,13752.472681290323,4071.720391935484,51956.021155161296,66476.73112032258,NA,135629.6018458064,NA,2022-07-01
Santos,8627.245125666668,2301.718876333334,28312.240975999997,64911.288229333346,NA,103976.36616033332,NA,2022-11-01
Solimões,444.7220543333333,106.08296666666665,5960.6956193333335,7010.835766666667,NA,13522.336407,NA,2022-11-01
Campos,4965.899284333334,966.7828250000002,6599.966500666666,138.68393866666665,NA,12439.013579333336,NA,2022-11-01
Parnaíba,27.941423666666665,6.603962333333333,3276.499215666667,0,NA,3311.0446016666665,NA,2022-11-01
Recôncavo,139.21984833333337,50.46714699999998,1960.816734333334,124.69432166666667,NA,2254.0751206666678,NA,2022-11-01
Camamu,57.45105933333333,3.336756333333333,1668.8996220000001,0,NA,1729.6874376666667,NA,2022-11-01
Potiguar,206.25222133333332,51.63867966666666,823.6586846666665,0,NA,984.3046930000002,NA,2022-11-01
Alagoas,2.159699333333333,12.854220999999999,840.1294993333333,0.0017259999999999999,NA,855.1451456666668,NA,2022-11-01
Amazonas,2.0704906666666667,119.51879166666667,495.1372406666667,0,NA,616.7265223333333,NA,2022-11-01
Espírito Santo,144.1845133333333,13.620459666666669,429.94910666666664,0,NA,502.65036833333335,NA,2022-11-01
Tucano Sul,3.2789916666666667,0.4812416666666667,128.62790133333334,0,NA,132.38813466666667,NA,2022-11-01
Paraná,0,0,28.35,0,NA,28.35,NA,2022-11-01
Sergipe,4.538904666666666,18.839176,1.8705543333333334,2.581336,NA,27.829968666666666,NA,2022-11-01
Total,14624.96361666667,3651.9451033333344,50526.841655000004,72188.08531833334,NA,140379.9181393333,NA,2022-11-01
Santos,8929.35235032258,1633.235989354839,31852.884410967737,68893.13627580645,NA,111036.45523838709,NA,2022-10-01
Solimões,457.86148838709676,100.45590322580647,6200.494489677419,7104.692838709678,NA,13863.504719999999,NA,2022-10-01
Campos,5149.64236516129,975.9128809677421,6923.815235483871,133.04168096774194,NA,12992.298896451613,NA,2022-10-01
Parnaíba,30.149053225806455,6.866556774193549,3588.750585806452,0,NA,3625.7661958064523,NA,2022-10-01
Recôncavo,127.06096870967741,48.005421612903234,1896.670194516129,222.41841322580643,NA,2273.5315616129024,NA,2022-10-01
Camamu,63.39244225806451,2.9675138709677418,1880.9894987096775,0,NA,1947.3494548387098,NA,2022-10-01
Potiguar,225.0724093548387,46.531375161290335,794.2972022580645,0,NA,960.8282070967739,NA,2022-10-01
Alagoas,2.1878383870967744,13.731215161290324,890.3659077419354,3.817660967741935,NA,910.1026222580646,NA,2022-10-01
Amazonas,2.218135806451613,56.485352258064516,458.83459645161287,0,NA,517.5380838709677,NA,2022-10-01
Espírito Santo,126.27796774193547,13.673195806451611,385.6207332258065,0,NA,457.71632354838727,NA,2022-10-01
Tucano Sul,2.6329248387096778,0.2493451612903226,122.44193838709677,0,NA,125.32420838709676,NA,2022-10-01
Paraná,0,0,26.42258064516129,0,NA,26.42258064516129,NA,2022-10-01
Sergipe,2.8512629032258063,9.095069354838708,1.9524396774193549,0,NA,13.898767419354838,NA,2022-10-01
Total,15118.699207096774,2907.2098187096776,55023.539813548385,76357.10686967743,NA,148750.7368603226,NA,2022-10-01
Santos,8543.471169666667,1890.4078233333335,32005.556806,62333.85202533334,NA,104494.70727066668,NA,2022-09-01
Campos,5449.119877999998,939.6262193333336,7598.5626636666675,32.712664,NA,13787.017398,NA,2022-09-01
Solimões,423.99197266666664,145.4899326666667,5946.682546999999,6229.670433333334,NA,12745.834885666667,NA,2022-09-01
Parnaíba,36.79964266666668,8.676211666666665,4872.798079333333,0,NA,4918.273933666667,NA,2022-09-01
Recôncavo,130.04999199999997,54.68893133333336,1892.7371823333337,351.29280666666665,NA,2409.4724519999986,NA,2022-09-01
Camamu,50.722202333333335,3.4583456666666668,1648.1118153333334,0,NA,1702.2923633333335,NA,2022-09-01
Potiguar,223.8299646666667,51.313818666666656,790.703809666667,0,NA,960.7302686666669,NA,2022-09-01
Alagoas,2.288586,15.713011333333332,875.4136820000001,0.004571333333333333,NA,893.4198506666667,NA,2022-09-01
Espírito Santo,129.23319999999998,15.221037,495.10565299999996,0,NA,567.5681153333335,NA,2022-09-01
Amazonas,2.280938,33.874615666666664,392.442008,0,NA,428.5975613333333,NA,2022-09-01
Tucano Sul,2.5974656666666665,0.009292,136.49856899999997,0,NA,139.10532666666668,NA,2022-09-01
Paraná,0,0,17.255999999999997,0,NA,17.255999999999997,NA,2022-09-01
Sergipe,0.23789266666666667,3.843484000000001,1.857191,0,NA,5.938567666666668,NA,2022-09-01
Total,14994.622904333331,3162.322722666667,56673.72600633332,68947.53250066667,NA,143070.2139936667,NA,2022-09-01
Santos,8829.898266666667,2319.3191,28141.864966666675,65008.11213333332,NA,104040.73303333335,NA,2023-04-01
Solimões,430.42316666666665,90.84293333333333,6373.4453,7512.819833333333,NA,14407.531233333333,NA,2023-04-01
Campos,5084.1566,1019.1646666666669,6857.518966666666,95.30940000000001,NA,12928.102400000002,NA,2023-04-01
Parnaíba,21.294,12.239566666666667,2290.0214333333333,0,NA,2323.555,NA,2023-04-01
Recôncavo,78.34226666666669,38.13006666666666,1859.8847333333329,253.06446666666668,NA,2222.4182666666666,NA,2023-04-01
Camamu,54.11893333333333,3.265233333333333,1946.4808666666665,0,NA,2003.8650333333333,NA,2023-04-01
Alagoas,2.3538666666666668,17.0269,1056.1141666666667,225.08283333333335,NA,1300.5777666666665,NA,2023-04-01
Potiguar,117.0915,259.96493333333336,635.0133000000002,0,NA,971.6870333333335,NA,2023-04-01
Espírito Santo,123.16643333333333,18.013233333333332,494.6608,0,NA,604.09759999999994,NA,2023-04-01
Amazonas,1.9228666666666667,66.8415,512.4985333333333,0,NA,581.2629,NA,2023-04-01
Tucano Sul,4.662033333333334,0.012933333333333333,132.995,0,NA,137.66996666666668,NA,2023-04-01
Sergipe,6.652733333333333,24.082666666666668,2.1023,19.0686,NA,51.9063,NA,2023-04-01
Paraná,0,0,27.461000000000002,0,NA,27.461000000000002,NA,2023-04-01
Total,14754.082666666667,3868.903733333334,50330.061366666676,73113.45726666666,NA,141600.86753333334,NA,2023-04-01
Santos,9891,1764,27983,78600,NA,118071.56,NA,2023-12-01
Solimões,427,73,6872,6646,NA,14018.89,NA,2023-12-01
Campos,5212,1014,6648,0,NA,12893.23,NA,2023-12-01
Parnaíba,14,8,3194,0,NA,3216.62,NA,2023-12-01
Recôncavo,113,63,2373,350,NA,2889.72,NA,2023-12-01
Camamu,57,5,1803,0,NA,1865.07,NA,2023-12-01
Alagoas,18,23,936,0,NA,960.56,NA,2023-12-01
Potiguar,159,242,645,0,NA,943.63,NA,2023-12-01
Amazonas,2,126,652,0,NA,780.54,NA,2023-12-01
Espírito Santo,358,47,522,0,NA,768.02,NA,2023-12-01
Tucano Sul,5,0,118,0,NA,123.25,NA,2023-12-01
Sergipe,12,27,1,20,NA,60.16,NA,2023-12-01
Paraná,0,0,27,0,NA,26.74,NA,2023-12-01
Total,16268,3393,51774,85617,NA,156618.13,NA,2023-12-01
Santos,9409.908642857145,2587.7081785714295,29592.741678571427,71394.50425,NA,112757.72671428572,NA,2023-02-01
Solimões,415.16053571428574,138.57335714285713,6531.134928571429,7137.687857142858,NA,14222.55667857143,NA,2023-02-01
Campos,4907.356964285714,826.56225,6851.2626785714265,0,NA,12394.021999999999,NA,2023-02-01
Recôncavo,73.47571428571428,33.27875,1832.983214285714,206.70514285714285,NA,2132.3307857142854,NA,2023-02-01
Camamu,50.568714285714286,3.1965714285714286,1741.8152499999999,0,NA,1795.5805357142856,NA,2023-02-01
Alagoas,1.8875,16.65532142857143,955.6677857142857,0,NA,974.2106071428572,NA,2023-02-01
Potiguar,123.51664285714286,90.78460714285714,757.1752142857143,0,NA,932.7983571428568,NA,2023-02-01
Amazonas,2.1524642857142857,69.79003571428572,533.641,0,NA,605.5835,NA,2023-02-01
Espírito Santo,153.8944285714286,19.68375,443.4454642857143,0,NA,513.4874285714286,NA,2023-02-01
Tucano Sul,4.468285714285714,0.025392857142857144,128.90303571428572,0,NA,133.39671428571427,NA,2023-02-01
Sergipe,6.216,14.819964285714288,2.1566785714285714,18.026464285714287,NA,41.21910714285713,NA,2023-02-01
Paraná,0,0,25.666785714285712,0,NA,25.666785714285712,NA,2023-02-01
Parnaíba,1.7449642857142857,8.491071428571429,0.2405,0,NA,10.476535714285715,NA,2023-02-01
Total,15150.350857142856,3809.569250000001,49396.83421428571,78756.92371428572,NA,146539.05575,NA,2023-02-01
Santos,9211.401612903226,2786.271741935484,30523.848322580652,66691.26583870967,NA,109193.27719354835,NA,2023-01-01
Solimões,356.20867741935484,99.97074193548387,5988.437225806451,6345.966870967742,NA,12790.583516129034,NA,2023-01-01
Campos,5082.764645161289,922.8576451612901,6022.0576451612915,85.39967741935483,NA,11888.819387096775,NA,2023-01-01
Parnaíba,25.13467741935484,7.89574193548387,2679.0979677419355,0,NA,2712.1283870967745,NA,2023-01-01
Recôncavo,84.9125806451613,40.93145161290324,1836.058,276.9031290322581,NA,2227.4688064516126,NA,2023-01-01
Camamu,44.28106451612903,3.3362903225806453,1251.669387096774,0,NA,1299.2867419354839,NA,2023-01-01
Potiguar,145.13974193548384,46.58945161290322,808.2104838709677,0,NA,957.4290000000004,NA,2023-01-01
Alagoas,1.7360967741935485,15.629838709677419,787.5445806451612,0.004645161290322581,NA,804.9151612903224,NA,2023-01-01
Amazonas,2.1407096774193546,187.17532258064514,504.23803225806455,0,NA,693.554064516129,NA,2023-01-01
Espírito Santo,124.43287096774196,14.38035483870968,440.4536129032258,0,NA,490.8408064516128,NA,2023-01-01
Tucano Sul,3.405516129032258,0.08958064516129031,112.78167741935482,0,NA,116.27677419354839,NA,2023-01-01
Sergipe,3.6545161290322583,20.140903225806454,1.455709677419355,15.21141935483871,NA,40.46254838709677,NA,2023-01-01
Paraná,0,0,27.701612903225808,0,NA,27.701612903225808,NA,2023-01-01
Total,15085.212709677418,4145.269064516128,50983.55425806453,73414.75158064516,NA,143242.74399999998,NA,2023-01-01
Santos,9349,2687,30592,73312,NA,115677,NA,2023-07-01
Campos,5448,1073,7353,188,NA,13853,NA,2023-07-01
Solimões,385,73,6356,6309,NA,13122,NA,2023-07-01
Parnaíba,28,13,2919,0,NA,2959,NA,2023-07-01
Recôncavo,142,59,1913,327,NA,2433,NA,2023-07-01
Camamu,51,4,1680,0,NA,1735,NA,2023-07-01
Alagoas,3,17,1309,62,NA,1390,NA,2023-07-01
Potiguar,168,177,922,0,NA,1145,NA,2023-07-01
Espírito Santo,352,62,630,0,NA,892,NA,2023-07-01
Amazonas,2,80,588,0,NA,670,NA,2023-07-01
Tucano Sul,4,0,118,0,NA,122,NA,2023-07-01
Sergipe,5,30,1,13,NA,49,NA,2023-07-01
Paraná,0,0,28,0,NA,28,NA,2023-07-01
Total,15936,4274,54409,80209,NA,154076,NA,2023-07-01
Santos,9294.383733333332,2826.7907666666656,29186.117599999998,70219.34673333331,NA,111252.7485,NA,2023-06-01
Solimões,424.2253,55.75746666666667,6740.188366666667,7135.188299999999,NA,14355.359433333335,NA,2023-06-01
Campos,4906.033833333334,1110.3215999999998,6724.028800000001,175.36413333333334,NA,12645.081999999999,NA,2023-06-01
Parnaíba,30.521333333333327,11.4117,5592.613133333333,0,NA,5634.546166666667,NA,2023-06-01
Recôncavo,113.67163333333329,60.90756666666668,1994.3990666666666,306.0971,NA,2447.8820333333338,NA,2023-06-01
Camamu,46.506766666666664,3.0792,1761.1561333333334,0,NA,1810.7421,NA,2023-06-01
Alagoas,2.2407333333333335,13.820766666666666,1360.4410333333333,7.4560666666666675,NA,1383.9586000000004,NA,2023-06-01
Potiguar,126.1221,289.8646666666668,731.5442999999999,0,NA,1069.2001999999998,NA,2023-06-01
Espírito Santo,203.47039999999998,78.91509999999997,557.9649666666667,0,NA,743.8636000000001,NA,2023-06-01
Amazonas,1.8044,102.69593333333334,596.2902333333333,0,NA,700.7905666666667,NA,2023-06-01
Tucano Sul,5.014966666666667,0.036033333333333334,129.6579,0,NA,134.7089,NA,2023-06-01
Sergipe,6.841633333333334,26.496199999999998,1.8839000000000001,15.588333333333335,NA,50.810066666666664,NA,2023-06-01
Paraná,0,0,27.87066666666667,0,NA,27.87066666666667,NA,2023-06-01
Total,15160.836833333335,4580.096999999998,55404.15610000001,77859.04066666665,NA,152257.56283333333,NA,2023-06-01
Santos,9345.641935483869,2439.7871290322587,30816.461677419356,67795.34432258065,NA,110126.55516129031,NA,2023-05-01
Solimões,406.82774193548386,76.78629032258064,6765.030161290322,6607.574580645161,NA,13856.218774193549,NA,2023-05-01
Campos,4463.344967741936,1023.1361612903227,6152.095548387097,331.70616129032254,NA,11743.585032258063,NA,2023-05-01
Recôncavo,91.69890322580646,51.44061290322581,1961.5453870967738,236.74861290322582,NA,2328.0519999999997,NA,2023-05-01
Camamu,59.872193548387095,3.0254193548387094,2196.9640967741934,0,NA,2259.8617096774196,NA,2023-05-01
Alagoas,2.3206129032258063,15.405838709677418,1368.2834193548385,0,NA,1386.009870967742,NA,2023-05-01
Potiguar,86.29119354838708,372.63680645161315,565.7624838709677,0,NA,999.7253225806453,NA,2023-05-01
Espírito Santo,127.67664516129034,24.154645161290322,648.5924516129031,0,NA,800.4236774193547,NA,2023-05-01
Amazonas,1.7448387096774194,83.68232258064516,575.8598064516128,0,NA,661.2869677419355,NA,2023-05-01
Tucano Sul,4.142967741935483,0.025258064516129032,119.90490322580646,0,NA,124.07312903225805,NA,2023-05-01
Sergipe,6.423161290322581,24.047838709677414,2.2602258064516128,19.39883870967742,NA,52.13006451612903,NA,2023-05-01
Parnaíba,2.224354838709677,21.573645161290322,19.96761290322581,0,NA,43.7656129032258,NA,2023-05-01
Paraná,0,0,27.690645161290323,0,NA,27.690645161290323,NA,2023-05-01
Total,14598.209516129034,4135.701967741937,51220.41841935484,74990.77251612903,NA,144409.37796774192,NA,2023-05-01
Santos,8799.136032258064,2364.729419354838,28028.201580645156,64562.13619354839,NA,103520.71506451616,NA,2023-03-01
Solimões,440.42354838709673,79.9918064516129,6086.090612903226,7903.747129032258,NA,14510.253096774193,NA,2023-03-01
Campos,4896.668451612904,872.0125161290324,7056.740612903223,129.3053548387097,NA,12806.032387096775,NA,2023-03-01
Recôncavo,75.01003225806453,35.069322580645164,1811.823064516129,204.3640322580645,NA,2112.077903225806,NA,2023-03-01
Camamu,61.41125806451613,3.331516129032258,1963.5303870967743,0,NA,2028.2731612903226,NA,2023-03-01
Alagoas,2.509774193548387,16.396064516129034,1112.4972903225805,33.65174193548387,NA,1165.0548709677419,NA,2023-03-01
Potiguar,143.80135483870967,75.80222580645162,826.7076129032258,0,NA,994.7610967741937,NA,2023-03-01
Amazonas,2.133322580645161,70.01529032258065,551.1350967741935,0,NA,623.2837096774193,NA,2023-03-01
Espírito Santo,125.50522580645159,20.386838709677427,443.55348387096774,0,NA,513.7458064516129,NA,2023-03-01
Tucano Sul,4.140548387096774,0.056322580645161276,123.30519354838711,0,NA,127.50206451612904,NA,2023-03-01
Sergipe,8.690709677419354,22.664419354838714,2.2813225806451616,19.599225806451614,NA,53.23567741935484,NA,2023-03-01
Parnaíba,2.2664193548387095,39.15377419354838,8.429709677419353,0,NA,49.84990322580645,NA,2023-03-01
Paraná,0,0,25.633225806451613,0,NA,25.633225806451613,NA,2023-03-01
Total,14561.696677419357,3599.6095161290314,48039.92919354838,72852.80367741935,NA,138530.41796774196,NA,2023-03-01
Santos,10152,1754,30882,79163,NA,121674,NA,2023-11-01
Solimões,425,72,7225,6256,NA,13979,NA,2023-11-01
Campos,5523,1002,7429,60,NA,13873,NA,2023-11-01
Parnaíba,14,11,4287,0,NA,4312,NA,2023-11-01
Recôncavo,113,63,2332,288,NA,2785,NA,2023-11-01
Camamu,51,4,1710,0,NA,1764,NA,2023-11-01
Alagoas,14,19,1062,0,NA,1082,NA,2023-11-01
Potiguar,151,595,362,0,NA,999,NA,2023-11-01
Espírito Santo,344,36,531,0,NA,753,NA,2023-11-01
Amazonas,2,81,620,0,NA,703,NA,2023-11-01
Tucano Sul,4,0,111,0,NA,115,NA,2023-11-01
Sergipe,14,26,2,19,NA,61,NA,2023-11-01
Paraná,0,0,22,0,NA,22,NA,2023-11-01
Total,16807,3663,56575,85787,NA,162123,NA,2023-11-01
Santos,9851,2033,25857,77488,NA,114973.66,NA,2023-10-01
Campos,5188,1189,7374,17,NA,13619.93,NA,2023-10-01
Solimões,402,77,6666,6011,NA,13157.09,NA,2023-10-01
Recôncavo,112,67,2136,376,NA,2680.49,NA,2023-10-01
Parnaíba,2,11,2031,0,NA,2043.31,NA,2023-10-01
Camamu,55,4,1845,0,NA,1904.33,NA,2023-10-01
Alagoas,22,19,1266,0,NA,1287,NA,2023-10-01
Potiguar,205,193,909,0,NA,1171.44,NA,2023-10-01
Espírito Santo,393,37,520,0,NA,793.29,NA,2023-10-01
Amazonas,2,78,644,0,NA,723.76,NA,2023-10-01
Tucano Sul,1,0,76,0,NA,77.88,NA,2023-10-01
Sergipe,7,25,2,19,NA,53.02,NA,2023-10-01
Paraná,0,0,20,0,NA,19.99,NA,2023-10-01
Total,16239,3731,49347,83911,NA,152505.19,NA,2023-10-01
Santos,10145,1676,33185,77734,NA,122466.63,NA,2023-09-01
Campos,5376,1164,7519,42,NA,13924.41,NA,2023-09-01
Solimões,370,78,6701,5464,NA,12613.33,NA,2023-09-01
Recôncavo,122,67,1942,337,NA,2457.96,NA,2023-09-01
Parnaíba,9,9,1952,0,NA,1969.67,NA,2023-09-01
Alagoas,16,27,1246,2,NA,1275.01,NA,2023-09-01
Potiguar,208,177,947,0,NA,1173.46,NA,2023-09-01
Espírito Santo,375,43,516,0,NA,774.37,NA,2023-09-01
Amazonas,2,81,616,0,NA,699.22,NA,2023-09-01
Camamu,16,4,450,0,NA,469.63,NA,2023-09-01
Tucano Sul,2,0,83,0,NA,85.2,NA,2023-09-01
Sergipe,7,28,1,19,NA,55.82,NA,2023-09-01
Paraná,0,0,24,0,NA,23.95,NA,2023-09-01
Total,16649,3354,55183,83598,NA,157988.66,NA,2023-09-01
Santos,9426.745,2079.2349354838707,29995.471580645168,69643.99887096776,NA,110927.88909677416,NA,2023-08-01
Campos,5504.880096774193,1104.7218387096773,7318.247903225806,188.73248387096774,NA,13862.412548387094,NA,2023-08-01
Solimões,362.6875161290323,93.11209677419355,6298.363161290322,5562.084612903225,NA,12316.247387096775,NA,2023-08-01
Parnaíba,7.397645161290323,8.332290322580647,2409.5801612903224,0,NA,2425.3100967741934,NA,2023-08-01
Recôncavo,143.76987096774192,65.9793870967742,1885.380741935484,332.33161290322585,NA,2411.8862258064514,NA,2023-08-01
Camamu,46.94041935483871,3.8248709677419352,1621.1817096774193,0,NA,1671.9470000000001,NA,2023-08-01
Alagoas,2.232806451612903,19.532612903225807,1286.4719032258065,21.09490322580645,NA,1329.3322258064518,NA,2023-08-01
Potiguar,199.03406451612904,211.86735483870967,975.719193548387,0,NA,1249.53435483871,NA,2023-08-01
Espírito Santo,368.47009677419356,51.622580645161285,547.3537419354839,0,NA,799.1471612903224,NA,2023-08-01
Amazonas,1.660483870967742,96.82896774193549,599.7155483870968,0,NA,698.205,NA,2023-08-01
Tucano Sul,2.158322580645161,0.001806451612903226,80.72958064516128,0,NA,82.88970967741936,NA,2023-08-01
Sergipe,4.693870967741935,33.70951612903226,1.2703548387096775,18.19209677419355,NA,57.865838709677426,NA,2023-08-01
Paraná,0,0,27.065806451612904,0,NA,27.065806451612904,NA,2023-08-01
Total,16070.670193548385,3768.768258064516,53046.55138709678,75766.43458064517,NA,147859.7324516129,NA,2023-08-01
Santos,9833.71687096774,3235.943129032258,27524.86387096774,74539.0057419355,53941.48298191937,114860.90096774197,90752.20530165487,2024-01-01
Solimões,415.2389677419354,72.90435483870968,6728.923451612903,6367.197064516129,6367.197064516129,13584.263838709678,13562.928737154842,2024-01-01
Campos,5391.035000000002,901.3058387096772,5786.890903225806,3.4053870967741933,3.3518107419354837,11996.692225806451,11778.588032896774,2024-01-01
Parnaíba,19.201999999999998,6.040387096774193,5116.285903225807,0,0,5141.52829032258,5141.528290322581,2024-01-01
Recôncavo,113.54164516129032,65.33232258064514,2140.7333225806456,374.82977419354836,373.5658251,2687.695741935485,2666.7877881419354,2024-01-01
Camamu,41.78883870967742,3.5963870967741935,1470.5596774193548,0,0,1515.9449032258062,1508.9715574129032,2024-01-01
Alagoas,27.394870967741934,14.942096774193548,1257.5133870967743,0,0,1274.5220967741934,1268.3352029645162,2024-01-01
Potiguar,232.39532258064506,87.1886129032258,1021.7069677419355,0,0,1183.1301935483873,1175.934396370968,2024-01-01
Espírito Santo,363.5467741935484,57.75264516129031,523.5143870967742,0,0,761.0398709677421,751.6118976483872,2024-01-01
Amazonas,1.8249032258064517,72.47358064516129,649.3300967741935,0,0,723.6285806451613,723.6285806451613,2024-01-01
Tucano Sul,1.9058709677419354,0.014838709677419355,113.94325806451612,0,0,115.86396774193548,115.77219716129035,2024-01-01
Sergipe,10.82516129032258,28.158774193548386,0.9499354838709677,19.859064516129035,19.859064516129035,59.79293548387097,59.75426549677421,2024-01-01
Paraná,0,0,22.32741935483871,0,0,22.32741935483871,22.2738335483871,2024-01-01
Total,16452.41622580645,4545.652967741937,52357.54258064515,81304.29703225807,60705.456746793556,153927.3310322581,129528.3200814194,2024-01-01
Santos,3797,1788,30165,21694,NA,57444,NA,2018-01-01
Campos,7412,1771,14010,289,NA,23483,NA,2018-01-01
Solimões,371,201,5141,5818,NA,11530,NA,2018-01-01
Parnaíba,28,5,6100,0,NA,6134,NA,2018-01-01
Camamu,80,3,4357,0,NA,4441,NA,2018-01-01
Espírito Santo,437,46,2113,0,NA,2597,NA,2018-01-01
Sergipe,193,59,607,1617,NA,2476,NA,2018-01-01
Recôncavo,116,66,1328,622,NA,2132,NA,2018-01-01
Alagoas,3,22,1072,0,NA,1097,NA,2018-01-01
Potiguar,371,50,550,0,NA,971,NA,2018-01-01
Ceará,0,6,64,0,NA,71,NA,2018-01-01
Tucano Sul,0,1,33,0,NA,34,NA,2018-01-01
Total Geral,12809,4019,65542,30040,NA,112409,NA,2018-01-01
Santos,4043.98898571429,1678.88264857143,30988.6054139286,22522.1760021429,NA,59233.6530503571,NA,2018-02-01
Campos,7152.5699575,1493.4864725,13921.2753414286,397.78325,NA,22965.1150214286,NA,2018-02-01
Solimões,459.897570357143,170.385070357143,5472.62757071429,7850.05942857143,NA,13952.96964,NA,2018-02-01
Camamu,85.4711785714286,2.74083357142857,4685.53859607143,0,NA,4773.75060821429,NA,2018-02-01
Sergipe,188.251399642857,66.3873267857143,537.737558214286,1502.30042678571,NA,2294.67671142857,NA,2018-02-01
Recôncavo,130.891031428571,60.9346717857143,1371.09135607143,622.163629285714,NA,2185.08068857143,NA,2018-02-01
Espírito Santo,403.970237857143,34.3684314285714,1486.35141857143,0,NA,1924.69008785714,NA,2018-02-01
Alagoas,3.02591892857143,15.5001032142857,1164.16082,0.00628571428571429,NA,1182.69312785714,NA,2018-02-01
Potiguar,375.265675357143,65.0990017857143,562.653707857143,0,NA,1003.018385,NA,2018-02-01
Parnaíba,3.46398071428571,5.41020678571429,167.645416428571,0,NA,176.519603928571,NA,2018-02-01
Ceará,0.0118928571428571,4.545535,79.5592496428571,0,NA,84.1166775,NA,2018-02-01
Tucano Sul,0,0.470042142857143,36.0435146428571,0,NA,36.5135567857143,NA,2018-02-01
Total Geral,12846.8078289285,3598.21034392857,60473.2899635715,32894.4890225,NA,109812.797158929,NA,2018-02-01
Santos,4006.78173741935,1439.79963387097,28813.4864629032,23660.9021812903,NA,57920.9700154839,NA,2018-03-01
Campos,7478.48896935484,1416.65341806452,13983.4481109677,170.681225806452,NA,23049.2717241935,NA,2018-03-01
Solimões,453.57093483871,213.103418709677,5466.48369548387,7646.20580645161,NA,13779.3638554839,NA,2018-03-01
Camamu,84.0212258064516,3.29932483870968,4644.03207580645,0,NA,4731.35262645161,NA,2018-03-01
Recôncavo,126.565815483871,64.3971403225806,1342.48133419355,618.707890967742,NA,2152.15218096774,NA,2018-03-01
Sergipe,168.575304193548,59.9851977419355,519.727481290323,1337.81648225806,NA,2086.10446548387,NA,2018-03-01
Alagoas,2.85043612903226,18.3817609677419,1048.72799967742,0.00274193548387097,NA,1069.96293870968,NA,2018-03-01
Espírito Santo,351.431982580645,37.5776509677419,679.640271935484,0,NA,1068.64990548387,NA,2018-03-01
Potiguar,350.400578064516,57.6120848387097,587.863239677419,0,NA,995.875902580645,NA,2018-03-01
Ceará,-1e-38,5.18812838709677,78.0563996774193,0,NA,83.2445280645161,NA,2018-03-01
Tucano Sul,0,0.398842258064516,27.8009416129032,0,NA,28.1997838709677,NA,2018-03-01
Parnaíba,1.83852419354839,6.86880322580645,0,0,NA,7.05160322580645,NA,2018-03-01
Total Geral,13024.5255080646,3323.26540419355,57190.0922890322,33434.3163287097,NA,106972.19953,NA,2018-03-01
Santos,4017.04048633333,1733.11878333333,30943.1714836667,22733.961571,NA,59427.2923243333,NA,2018-04-01
Campos,7445.491094,1275.711661,13989.612669,207.502466666667,NA,22918.3178906667,NA,2018-04-01
Solimões,464.808632333333,179.162165666667,5346.14018166667,8201.85676666667,NA,14191.9677463333,NA,2018-04-01
Camamu,83.4865666666667,3.09236766666667,4302.230245,0,NA,4388.80917933333,NA,2018-04-01
Recôncavo,127.501674666667,60.869918,1343.946482,588.047654,NA,2120.36572866667,NA,2018-04-01
Sergipe,134.571476,59.7283803333333,502.330349,923.513465333333,NA,1620.14367066667,NA,2018-04-01
Espírito Santo,379.505709666667,25.9534636666667,928.662895,0,NA,1334.12206833333,NA,2018-04-01
Alagoas,3.39355466666667,15.775647,1028.33276133333,0.00366666666666667,NA,1047.50562966667,NA,2018-04-01
Potiguar,331.577463333333,55.4616,640.423232333333,0,NA,1027.46229566667,NA,2018-04-01
Parnaíba,2.73676933333333,8.99151566666667,541.454432333333,0,NA,553.182717333333,NA,2018-04-01
Ceará,0.0142666666666667,5.21043266666667,84.733017,0,NA,89.9577163333333,NA,2018-04-01
Tucano Sul,0,0.481889666666667,27.7675756666667,0,NA,28.2494653333333,NA,2018-04-01
Total Geral,12990.1276936667,3423.55782466667,59678.805324,32654.8855903333,NA,108747.376432667,NA,2018-04-01
Santos,4169.72893774193,2274.84997677419,28471.7991983871,25392.0015567742,NA,60308.3796696774,NA,2018-05-01
Campos,7321.54768193548,1454.07880774193,13175.7395845161,263.908709677419,NA,22215.274783871,NA,2018-05-01
Solimões,496.428482580645,153.961386451613,5859.17757774194,8509.61674193548,NA,15019.1841887097,NA,2018-05-01
Camamu,96.3890967741935,2.72177580645161,5067.72007419355,0,NA,5166.83094677419,NA,2018-05-01
Espírito Santo,363.267032580645,27.9782848387097,2270.15876387097,0,NA,2661.40408129032,NA,2018-05-01
Sergipe,179.969281612903,64.0067387096774,438.83515516129,1451.07061096774,NA,2133.88178645161,NA,2018-05-01
Recôncavo,133.265791935484,65.9247896774194,1281.74614612903,574.709341290323,NA,2055.64606903226,NA,2018-05-01
Alagoas,3.01655451612903,11.8135980645161,1125.33717548387,0,NA,1140.16732806452,NA,2018-05-01
Potiguar,350.039190645161,58.0486777419355,577.698621612903,0,NA,985.78649,NA,2018-05-01
Ceará,2e-38,5.42790225806452,93.01172,0,NA,98.4396222580645,NA,2018-05-01
Parnaíba,7.89233064516129,6.92279161290323,64.1636964516129,0,NA,78.9788187096774,NA,2018-05-01
Tucano Sul,1e-38,0.342977419354839,28.0727161290323,0,NA,28.4156935483871,NA,2018-05-01
Total Geral,13121.5443809678,4126.07770709677,58453.4604296774,36191.3069606451,NA,111892.389478387,NA,2018-05-01
Santos,4127.32603333333,2272.59800133333,29001.313278,23568.2009686667,NA,58969.4382813333,NA,2018-06-01
Campos,7180.38877833333,1410.15734633333,12263.8129773333,314.037466666667,NA,21168.3965686667,NA,2018-06-01
Solimões,489.320632333333,217.570999666667,5576.45870466667,8410.62496666667,NA,14693.9753033333,NA,2018-06-01
Parnaíba,23.526114,5.93003266666667,5964.98454466667,0,NA,5994.44069133333,NA,2018-06-01
Camamu,95.683,3.00948066666667,4932.028716,0,NA,5030.72119666667,NA,2018-06-01
Espírito Santo,350.006585666667,26.852264,2293.76892433333,0,NA,2670.627774,NA,2018-06-01
Sergipe,180.181867,59.6849916666667,460.078420333333,1499.39616566667,NA,2199.34144466667,NA,2018-06-01
Recôncavo,131.230879666667,63.4803696666667,1197.282255,631.88952,NA,2023.88302433333,NA,2018-06-01
Alagoas,3.627298,14.5927303333333,1058.16677266667,0,NA,1076.386801,NA,2018-06-01
Potiguar,324.49753,74.6372483333333,572.283999333333,0,NA,971.418777666667,NA,2018-06-01
Ceará,3.3e-37,6.344299,93.6953546666667,0,NA,100.039653666667,NA,2018-06-01
Tucano Sul,0,0.508212333333333,26.9877383333333,0,NA,27.4959506666667,NA,2018-06-01
Total Geral,12905.7887183334,4155.365976,63440.8616853333,34424.1490876667,NA,114926.165467333,NA,2018-06-01
Santos,4302.78867967742,1924.61935774194,25825.1929754839,26206.0837509677,NA,58258.684763871,NA,2018-07-01
Campos,6990.83019580645,1547.71702064516,12585.3521748387,152.077612903226,NA,21275.9770041935,NA,2018-07-01
Solimões,475.885869677419,161.836612258065,6010.11258806452,7705.21674193548,NA,14353.0518119355,NA,2018-07-01
Parnaíba,30.7143480645161,6.06593193548387,7831.64379806452,0,NA,7868.42407806452,NA,2018-07-01
Camamu,98.064935483871,3.11376225806452,5106.90465709677,0,NA,5208.08335483871,NA,2018-07-01
Espírito Santo,342.749638387097,32.0822903225806,2235.98243806452,0,NA,2610.81436677419,NA,2018-07-01
Sergipe,180.413579354839,66.8735396774193,465.747619677419,1459.41974096774,NA,2172.45447967742,NA,2018-07-01
Recôncavo,137.700550967742,64.0741625806452,1195.35509580645,629.794502258065,NA,2026.9243116129,NA,2018-07-01
Alagoas,3.11680548387097,16.0680316129032,1097.42663,1.29032258064516e-4,NA,1116.61159612903,NA,2018-07-01
Potiguar,336.360609677419,48.8345758064516,568.552632580645,0,NA,953.747818064516,NA,2018-07-01
Ceará,-1e-38,7.08596709677419,92.0786890322581,0,NA,99.1646561290322,NA,2018-07-01
Tucano Sul,1e-38,0.538466129032258,25.2122958064516,0,NA,25.7507619354839,NA,2018-07-01
Total Geral,12898.6252125806,3878.90971806452,63039.5615945161,36152.5924780645,NA,115969.689003226,NA,2018-07-01
Santos,4129.32982806452,1121.00941193548,15517.6207029032,28366.5484754839,NA,49134.5084183871,NA,2018-08-01
Campos,7307.75540516129,1606.70022774193,11450.1006796774,376.307903225806,NA,20740.8642158065,NA,2018-08-01
Solimões,482.950772903226,152.393257096774,6909.48564709677,7229.49170967742,NA,14774.3213867742,NA,2018-08-01
Parnaíba,30.0611887096774,6.03784483870968,7760.10325677419,0,NA,7796.20229032258,NA,2018-08-01
Camamu,105.95235483871,3.47012903225806,5047.85478709677,0,NA,5157.27727096774,NA,2018-08-01
Espírito Santo,348.511808064516,31.4910103225806,2059.92781483871,0,NA,2439.93063322581,NA,2018-08-01
Sergipe,180.890159354839,77.221913548387107,480.534560645161,1411.22274064516,NA,2149.86937419355,NA,2018-08-01
Recôncavo,128.972688709677,59.7469609677419,1199.42033129032,608.407822580645,NA,1996.54780354839,NA,2018-08-01
Alagoas,3.39019290322581,17.1637783870968,1074.45375645161,0.00219354838709677,NA,1095.00992129032,NA,2018-08-01
Potiguar,322.397931290323,48.4608716129032,563.856052258065,0,NA,934.71485516129,NA,2018-08-01
Ceará,0.00112903225806452,6.83538612903226,107.787267741935,0,NA,114.623782903226,NA,2018-08-01
Tucano Sul,-1e-38,0.602059032258065,32.9125587096774,0,NA,33.5146177419355,NA,2018-08-01
Total Geral,13040.2134590321,3131.13285064516,52204.0574154838,37991.9808451613,NA,106367.384570322,NA,2018-08-01
Santos,5138.68649866667,880.993902666667,21122.9360476667,29537.3742536667,NA,56679.9907026667,NA,2018-09-01
Campos,7088.509913,1785.450061,10207.973126,261.081766666667,NA,19343.0148666667,NA,2018-09-01
Solimões,482.484365666667,195.791732666667,6606.44864266667,7706.5925,NA,14991.317241,NA,2018-09-01
Parnaíba,29.445028,5.69251266666667,7874.35008533333,0,NA,7909.487626,NA,2018-09-01
Camamu,114.674533333333,3.285821,5218.45371266667,0,NA,5336.414067,NA,2018-09-01
Espírito Santo,358.632851333333,43.9069343333333,1936.61207,0,NA,2339.15185566667,NA,2018-09-01
Sergipe,179.693498333333,65.4328276666667,511.050558,1420.435499,NA,2176.612383,NA,2018-09-01
Recôncavo,123.341105333333,59.2317663333333,1188.64502766667,612.546619333333,NA,1983.76451866667,NA,2018-09-01
Alagoas,3.59583266666667,16.4372676666667,1046.27983066667,0,NA,1066.312931,NA,2018-09-01
Potiguar,336.020664,50.4887886666667,550.467788333333,0,NA,936.977241,NA,2018-09-01
Ceará,0,5.921299,110.578343,0,NA,116.499642,NA,2018-09-01
Tucano Sul,1e-38,0.184962,22.382645,0,NA,22.567607,NA,2018-09-01
Total Geral,13855.0842903333,3112.81787566667,56396.177877,39538.0306386666,NA,112902.110681667,NA,2018-09-01
Santos,4510.71108096774,988.285108387097,28916.2174558065,24823.9636890323,NA,59239.1773341935,NA,2018-10-01
Campos,7597.37659677419,1612.40934290323,12483.6976212903,516.243225806452,NA,22209.7267867742,NA,2018-10-01
Solimões,478.583644193548,153.717160645161,6299.14186677419,7687.9655483871,NA,14619.40822,NA,2018-10-01
Parnaíba,28.7457819354839,10.3154380645161,6922.97265387097,0,NA,6962.03387387097,NA,2018-10-01
Camamu,119.145838709677,3.43847516129032,5057.87413580645,0,NA,5180.45844967742,NA,2018-10-01
Espírito Santo,353.176269354839,40.168765483871,1959.90534645161,0,NA,2353.25038129032,NA,2018-10-01
Sergipe,178.714320645161,69.2015658064516,513.478108387097,1475.96857967742,NA,2237.36257451613,NA,2018-10-01
Recôncavo,115.090597096774,65.0045829032258,1230.69096935484,594.23024483871,NA,2005.01639419355,NA,2018-10-01
Alagoas,3.08154806451613,17.3366022580645,1135.32635548387,0.0105806451612903,NA,1155.75508645161,NA,2018-10-01
Potiguar,359.361028387097,49.099324516129,529.712163870968,0,NA,938.172516774194,NA,2018-10-01
Ceará,6.45161290322581e-5,5.73738612903226,108.444522580645,0,NA,114.181973225806,NA,2018-10-01
Tucano Sul,0,0.246515161290322,22.3466516129032,0,NA,22.5931667741935,NA,2018-10-01
Total Geral,13743.9867706451,3014.96026741935,65179.8078512904,35098.3818683871,NA,117037.136757742,NA,2018-10-01
Santos,4287.44151666667,2388.24971033333,28787.7642163333,24145.373569,NA,59608.8290123333,NA,2018-11-01
Campos,7335.155472,1434.60919866667,11878.657199,469.658933333333,NA,21118.080803,NA,2018-11-01
Solimões,495.457932333333,156.701532666667,5737.31770566667,8554.03223333333,NA,14943.509404,NA,2018-11-01
Camamu,133.3587,3.40351266666667,5108.926853,0,NA,5245.68906566667,NA,2018-11-01
Parnaíba,12.845388,5.789216,2532.13208933333,0,NA,2550.76669333333,NA,2018-11-01
Espírito Santo,357.139951333333,29.177013,1998.15980633333,0,NA,2384.47677066667,NA,2018-11-01
Sergipe,179.351864333333,65.1294636666667,490.155449,1469.94686466667,NA,2204.58364166667,NA,2018-11-01
Recôncavo,124.094239333333,62.327564,1268.732052,583.265884666667,NA,2038.41974,NA,2018-11-01
Alagoas,3.61473266666667,15.7987426666667,1171.248883,0,NA,1190.66235833333,NA,2018-11-01
Potiguar,336.62693,45.4385003333333,541.720038,0,NA,923.785468333333,NA,2018-11-01
Ceará,0,6.49323233333333,99.4338456666667,0,NA,105.927078,NA,2018-11-01
Tucano Sul,1e-38,0.064086,37.0616136666667,0,NA,37.1256996666667,NA,2018-11-01
Total Geral,13265.0867266668,4213.18177233333,59651.309751,35222.277485,NA,112351.855735,NA,2018-11-01
Santos,4493.42786677419,2767.82239741935,29503.5390741935,26428.976146129,NA,63193.7654845161,NA,2018-12-01
Campos,7714.91049,1389.45398322581,13514.1049812903,519.405677419355,NA,23137.8751319355,NA,2018-12-01
Solimões,488.284450322581,233.257321935484,5571.45388580645,8363.20051612903,NA,14656.1961741935,NA,2018-12-01
Camamu,107.268612903226,3.43477419354839,4017.14324129032,0,NA,4127.8466283871,NA,2018-12-01
Sergipe,183.722869032258,60.6239374193548,506.025284193548,1501.01974193548,NA,2251.39183258065,NA,2018-12-01
Recôncavo,117.404419032258,73.3936277419355,1298.9683616129,592.609954516129,NA,2082.37636290323,NA,2018-12-01
Espírito Santo,358.646643225806,45.8051419354839,1580.47901193548,0,NA,1984.93079709677,NA,2018-12-01
Alagoas,3.63722580645161,14.5446219354839,1144.63196612903,0.00103225806451613,NA,1162.81484612903,NA,2018-12-01
Potiguar,309.295029677419,45.1882661290323,569.579066129032,0,NA,924.062361935484,NA,2018-12-01
Ceará,-1e-38,6.66680548387097,80.4278906451613,0,NA,87.0946961290322,NA,2018-12-01
Parnaíba,2.72194419354839,5.80385096774194,39.8696883870968,0,NA,48.3954835483871,NA,2018-12-01
Tucano Sul,0,0.124641290322581,26.9652661290323,0,NA,27.0899074193548,NA,2018-12-01
Total Geral,13779.3195509678,4646.11936967742,57853.1877177419,37405.2130683871,NA,113683.839706774,NA,2018-12-01
Santos,4436.86775580645,3739.48228290323,31889.1238187097,23272.2426654839,NA,63337.7165229032,NA,2019-01-01
Campos,7607.01430258065,1455.21021096774,13536.7745212903,213.919580645161,NA,22812.9186154839,NA,2019-01-01
Solimões,484.810321612903,217.234386451613,6071.10663451613,8170.25796774194,NA,14943.4093103226,NA,2019-01-01
Camamu,70.9852258064516,3.33605258064516,2493.07015354839,0,NA,2567.39143193548,NA,2019-01-01
Recôncavo,116.180525806452,66.2343161290322,1327.53538258065,627.40966483871,NA,2137.35988935484,NA,2019-01-01
Sergipe,183.902320967742,54.9441209677419,474.223942903226,1326.52238096774,NA,2039.59276580645,NA,2019-01-01
Espírito Santo,343.646932580645,29.4619367741935,1301.98734290322,0,NA,1675.09621225806,NA,2019-01-01
Parnaíba,4.2310664516129,8.18880580645161,1394.36847548387,0,NA,1406.78834774194,NA,2019-01-01
Alagoas,3.60480580645161,13.5500477419355,1195.50762774194,0.00235483870967742,NA,1212.66483612903,NA,2019-01-01
Potiguar,351.65296483871,48.1216387096774,580.008699677419,0,NA,979.783303225806,NA,2019-01-01
Ceará,1e-38,6.35587,57.1404419354839,0,NA,63.4963119354839,NA,2019-01-01
Tucano Sul,-1e-38,0.0868374193548387,20.35234,0,NA,20.4391774193548,NA,2019-01-01
Total Geral,13602.896222258,5642.20650645161,60341.1993812903,33610.3546145161,NA,113196.656724516,NA,2019-01-01
Santos,4637.55409464286,3318.93857892857,30512.2453996429,25369.2359682143,NA,63837.9740414286,NA,2019-02-01
Campos,6633.69422428571,1326.63887892857,10719.9694142857,155.97725,NA,18836.2797675,NA,2019-02-01
Solimões,497.329034642857,190.1531775,6103.64006892857,8911.11078571429,NA,15702.2330667857,NA,2019-02-01
Camamu,119.236178571429,3.30634892857143,4421.556275,0,NA,4544.0988025,NA,2019-02-01
Recôncavo,112.84704,68.8225410714286,1384.6071025,623.778485357143,NA,2190.05516892857,NA,2019-02-01
Sergipe,166.354319285714,85.4615278571428,364.198699285714,1150.60646107143,NA,1766.6210075,NA,2019-02-01
Alagoas,3.68385642857143,16.608795,1069.76739535714,0.00360714285714286,NA,1090.06365392857,NA,2019-02-01
Espírito Santo,72.3964835714286,39.6009860714286,878.116047142857,0,NA,990.113516785714,NA,2019-02-01
Potiguar,307.871032142857,50.6678725,626.864718571429,0,NA,985.403623214286,NA,2019-02-01
Parnaíba,2.83375178571429,6.27994214285714,115.266820714286,0,NA,124.380514642857,NA,2019-02-01
Ceará,1e-38,5.42874892857143,55.4692175,0,NA,60.8979664285714,NA,2019-02-01
Tucano Sul,1e-38,0.0967360714285714,24.3928703571428,0,NA,24.4896064285714,NA,2019-02-01
Total Geral,12553.8000153571,5112.00413392857,56276.0940292857,36210.7125575,NA,110152.610736071,NA,2019-02-01
Santos,4706.82132741935,4124.42451967742,31726.2353974194,25256.5577122581,NA,65814.0389567742,NA,2019-03-01
Campos,6667.63406290322,1222.80477709677,11933.4835851613,43.3511612903226,NA,19867.2735864516,NA,2019-03-01
Solimões,497.412612258065,236.400741612903,6280.54405225806,8674.27406451613,NA,15688.6314706452,NA,2019-03-01
Camamu,73.4348064516129,9.43595677419355,2775.36947387097,0,NA,2858.24023709677,NA,2019-03-01
Recôncavo,105.499431290323,69.6549061290322,1367.35333483871,642.786986774194,NA,2185.29465903226,NA,2019-03-01
Sergipe,164.547578709677,78.6877025806452,387.605597096774,1226.16338612903,NA,1857.00426451613,NA,2019-03-01
Alagoas,3.5767735483871,14.0759664516129,1066.55244870968,0.226387096774194,NA,1084.43157580645,NA,2019-03-01
Espírito Santo,152.205847096774,56.7257667741935,844.146682903226,0,NA,1053.07829677419,NA,2019-03-01
Potiguar,337.218738709677,53.0630751612903,575.16199516129,0,NA,965.443809032258,NA,2019-03-01
Ceará,-1e-38,5.90564419354839,64.6724725806452,0,NA,70.5781167741935,NA,2019-03-01
Tucano Sul,1e-38,0.103157419354839,34.9976687096774,0,NA,35.1008261290322,NA,2019-03-01
Parnaíba,2.26506096774194,7.41029290322581,2.52052225806452,0,NA,12.1958761290322,NA,2019-03-01
Total Geral,12710.6162393547,5878.69250677419,57058.6432309678,35843.3596980645,NA,111491.311675161,NA,2019-03-01
Santos,4824.801073,4209.70187133333,30822.0291963333,28543.9206593333,NA,68400.4528,NA,2019-04-01
Campos,6702.94185633333,1370.17789666667,11183.0871226667,48.82143,NA,19305.0283056667,NA,2019-04-01
Solimões,488.070865666667,210.299965666667,6362.83658666667,8250.15786666667,NA,15311.3652846667,NA,2019-04-01
Camamu,69.5668,5.28086666666667,2969.36964466667,0,NA,3044.21731133333,NA,2019-04-01
Recôncavo,110.902035,65.6195096666667,1226.87873633333,626.887318666667,NA,2030.28759966667,NA,2019-04-01
Sergipe,157.97377,57.621389,470.027225,1185.72379866667,NA,1871.34618266667,NA,2019-04-01
Espírito Santo,194.570403,39.8085043333333,754.588980666667,0,NA,988.967888,NA,2019-04-01
Alagoas,3.724733,13.2251183333333,908.076789,0.00573333333333333,NA,925.032373666667,NA,2019-04-01
Potiguar,342.867263666667,54.9534823333333,485.070601,0,NA,882.891347,NA,2019-04-01
Ceará,-1e-38,5.73883233333333,64.1096796666667,0,NA,69.848512,NA,2019-04-01
Parnaíba,1.49656633333333,7.82326233333333,56.727433,0,NA,66.0472616666667,NA,2019-04-01
Tucano Sul,0,0.656156333333333,31.9892976666667,0,NA,32.645454,NA,2019-04-01
Total Geral,12896.9153660001,6040.906855,55334.7912926667,38655.5168066667,NA,112928.130320333,NA,2019-04-01
Santos,5180.26483322581,3221.92645645161,32435.118563871,31245.3314487097,NA,72082.6413022581,NA,2019-05-01
Campos,6771.56167193548,1152.94831967742,11720.2192612903,153.731673548387,NA,19798.4609264516,NA,2019-05-01
Solimões,484.228676129032,255.162773225806,6345.29188354839,8319.82477419355,NA,15404.5081070968,NA,2019-05-01
Camamu,87.6217419354839,3.33432258064516,3758.18202193548,0,NA,3849.13808645161,NA,2019-05-01
Recôncavo,117.138185483871,61.4780067741935,1236.69122806452,546.922695483871,NA,1962.23011580645,NA,2019-05-01
Sergipe,163.379191290323,55.9111977419355,467.344436451613,1176.24903129032,NA,1862.88385677419,NA,2019-05-01
Espírito Santo,198.746636129032,36.9357309677419,727.550597096774,0,NA,963.232964193548,NA,2019-05-01
Potiguar,306.549191290323,55.8732561290322,595.497027741935,0,NA,957.91947516129,NA,2019-05-01
Alagoas,3.54587032258065,16.8540274193548,858.887621935484,0.00158064516129032,NA,879.289100322581,NA,2019-05-01
Parnaíba,2.09551387096774,38.1390506451613,31.2644741935484,0,NA,71.4990387096774,NA,2019-05-01
Ceará,1e-38,6.26074096774194,65.039945483871,0,NA,71.3006864516129,NA,2019-05-01
Tucano Sul,0,0.852624838709677,35.2712461290322,0,NA,36.1238709677419,NA,2019-05-01
Total Geral,13315.1315116128,4905.67650741935,58276.3583077419,41442.061203871,NA,117939.227530645,NA,2019-05-01
Santos,5150.82064333333,2478.11160833333,29475.1679703333,28695.6129426667,NA,65799.7131646667,NA,2019-06-01
Campos,6543.99634533333,1044.23387833333,11477.6934743333,229.395728333333,NA,19295.3194263333,NA,2019-06-01
Solimões,498.850265666667,265.123999333333,6402.766884,8484.29653333333,NA,15651.0376823333,NA,2019-06-01
Parnaíba,206.250922666667,15.8416756666667,1972.916105,0,NA,2195.00870333333,NA,2019-06-01
Sergipe,171.991564333333,63.4845346666667,428.123103333333,1315.18863333333,NA,1978.78783566667,NA,2019-06-01
Recôncavo,114.676517,67.027644,1182.64681433333,519.400486666667,NA,1883.751462,NA,2019-06-01
Camamu,38.7174666666667,3.25886666666667,1503.34977266667,0,NA,1545.326106,NA,2019-06-01
Potiguar,260.018864,47.7967193333333,684.146706,0,NA,991.962289333333,NA,2019-06-01
Espírito Santo,115.130643333333,44.9982076666667,725.172404666667,0,NA,885.301255666667,NA,2019-06-01
Alagoas,3.78499966666667,14.0880583333333,800.707583,0.0022,NA,818.582841,NA,2019-06-01
Ceará,3.33333333333333e-5,6.21793266666667,67.7339993333333,0,NA,73.9519653333333,NA,2019-06-01
Tucano Sul,2e-38,0.819769333333333,32.6011026666667,0,NA,33.420872,NA,2019-06-01
Total Geral,13104.2382653334,4051.00289433333,54753.0259196666,39243.8965243333,NA,111152.163603667,NA,2019-06-01
Santos,5769.12339774194,1838.86587129032,32979.9509945161,35275.6697703226,NA,75863.610033871,NA,2019-07-01
Campos,6776.51103354839,1122.64638548387,10183.0480477419,296.384158387097,NA,18378.5896251613,NA,2019-07-01
Solimões,483.671676129032,236.418709032258,6823.83523193548,7821.81035483871,NA,15365.7359719355,NA,2019-07-01
Parnaíba,14.4084835483871,6.67804774193548,5476.54756548387,0,NA,5497.63409677419,NA,2019-07-01
Camamu,51.9364516129032,3.39093548387097,2292.03973806452,0,NA,2347.36712516129,NA,2019-07-01
Recôncavo,114.724288709677,67.5534529032258,1209.0823216129,557.092567741935,NA,1948.45263096774,NA,2019-07-01
Sergipe,165.000068387097,87.6220793548387,397.725782903226,1239.3151916129,NA,1889.66312225806,NA,2019-07-01
Potiguar,258.117599677419,45.7818041935484,669.01491,0,NA,972.914313870968,NA,2019-07-01
Espírito Santo,130.320899032258,41.8472509677419,792.475955483871,0,NA,964.644105483871,NA,2019-07-01
Alagoas,3.79093516129032,11.545727741935501,793.867552903226,0,NA,809.204215806452,NA,2019-07-01
Ceará,0,6.92461193548387,82.3233174193548,0,NA,89.2479293548387,NA,2019-07-01
Tucano Sul,0,0.663225806451613,28.9604438709677,0,NA,29.6236696774194,NA,2019-07-01
Total Geral,13767.6048335484,3469.93810193548,61728.8718619354,45190.2720429032,NA,124156.686840323,NA,2019-07-01
Santos,6195.29786096774,1794.08418387097,33310.6410932258,40923.2416574194,NA,82223.2647954839,NA,2019-08-01
Campos,6860.49213387097,1063.17193290323,11079.2096264516,181.810903225806,NA,19184.6845964516,NA,2019-08-01
Solimões,477.520031290323,210.358870322581,6937.43723677419,7785.55874193548,NA,15410.8748803226,NA,2019-08-01
Parnaíba,26.8473364516129,6.56695064516129,6220.77986451613,0,NA,6254.1941516129,NA,2019-08-01
Camamu,99.9978064516129,3.54070967741935,4472.66430580645,0,NA,4576.20282193548,NA,2019-08-01
Recôncavo,120.75835483871,74.1927874193548,1251.87691290323,579.748084193548,NA,2026.57613935484,NA,2019-08-01
Sergipe,152.263352580645,69.1623751612903,367.108721290323,601.019223225806,NA,1189.55367225806,NA,2019-08-01
Potiguar,303.928743225806,43.6253048387097,592.755736774194,0,NA,940.30978483871,NA,2019-08-01
Alagoas,4.34287032258065,13.6577312903226,730.985773548387,0,NA,748.98637516129,NA,2019-08-01
Espírito Santo,152.139280967742,37.3523241935484,463.279155806452,0,NA,652.770760967742,NA,2019-08-01
Ceará,0,6.76596709677419,84.3246819354839,0,NA,91.0906490322581,NA,2019-08-01
Tucano Sul,0,0.683474516129032,23.5181206451613,0,NA,24.2015951612903,NA,2019-08-01
Total Geral,14393.5877709678,3323.16261193548,65534.5812296774,50071.37861,NA,133322.710222581,NA,2019-08-01
Santos,5703.26209333333,1799.57878633333,32893.0523873333,34683.964589,NA,75079.857856,NA,2019-09-01
Campos,7257.994449,989.177138,12186.917565,40.1110323333333,NA,20474.2001843333,NA,2019-09-01
Solimões,476.344998666667,239.132765666667,6796.27931666667,7451.58443333333,NA,14963.3415143333,NA,2019-09-01
Parnaíba,14.8887666666667,6.90064966666667,7230.08064366667,0,NA,7251.87006,NA,2019-09-01
Camamu,101.386866666667,3.42856666666667,4506.18451233333,0,NA,4610.99994566667,NA,2019-09-01
Recôncavo,131.948195666667,71.613828,1381.93305833333,532.437657333333,NA,2117.93273933333,NA,2019-09-01
Sergipe,197.398098333333,76.130036,359.513181333333,1421.54129733333,NA,2054.582613,NA,2019-09-01
Potiguar,232.510757333333,42.4400376666667,502.32357,0,NA,777.274365,NA,2019-09-01
Espírito Santo,167.850870666667,24.0903026666667,536.557323,0,NA,728.498496333333,NA,2019-09-01
Alagoas,4.34839933333333,15.8351916666667,668.161824666667,0,NA,688.345415666667,NA,2019-09-01
Ceará,0,6.40086566666667,76.406541,0,NA,82.8074066666667,NA,2019-09-01
Tucano Sul,0,0.746119,25.892216,0,NA,26.638335,NA,2019-09-01
Total Geral,14287.9334956666,3275.474287,67163.3021393333,44129.6390093334,NA,128856.348931333,NA,2019-09-01
Santos,5943.22385483871,1958.10783419355,33036.4416012903,37823.5585148387,NA,78761.3318051613,NA,2019-10-01
Campos,7042.76598967742,1098.51162903226,11510.9274132258,70.5209980645161,NA,19722.72603,NA,2019-10-01
Solimões,465.694999032258,209.522257419355,7011.04894677419,7304.20767741935,NA,14990.4738806452,NA,2019-10-01
Parnaíba,28.5120164516129,6.72742193548387,7505.64863290323,0,NA,7540.88807129032,NA,2019-10-01
Camamu,100.342096774194,3.44890322580645,4467.34213967742,0,NA,4571.13313967742,NA,2019-10-01
Recôncavo,123.901210322581,67.7681406451613,1338.23554258064,540.546022903226,NA,2070.45091645161,NA,2019-10-01
Sergipe,170.181998387097,59.0449993548387,352.692295806452,1374.61687032258,NA,1956.53616387097,NA,2019-10-01
Potiguar,235.595020967742,53.3388809677419,577.87416,0,NA,866.808061935484,NA,2019-10-01
Alagoas,4.21512870967742,17.9883283870968,622.657902580645,0.0864838709677419,NA,644.947843548387,NA,2019-10-01
Espírito Santo,170.190990322581,26.4899951612903,157.494332580645,0,NA,354.175318064516,NA,2019-10-01
Ceará,-1e-38,6.18006387096774,74.8165587096774,0,NA,80.9966225806452,NA,2019-10-01
Tucano Sul,0,0.59716,33.5956612903226,0,NA,34.1928212903226,NA,2019-10-01
Total Geral,14284.6233054838,3507.72561419355,66688.7751874193,47113.5365674194,NA,131594.660674516,NA,2019-10-01
Santos,6102.84291266667,1817.66780266667,32141.7887103333,44214.2748623333,NA,84276.574288,NA,2019-11-01
Campos,6976.82544433333,1136.440972,11314.9748003333,0.0996996666666667,NA,19428.3409163333,NA,2019-11-01
Solimões,477.025598666667,216.064499333333,7414.103081,6776.197,NA,14883.390179,NA,2019-11-01
Parnaíba,26.0560903333333,7.225743,7894.96287,0,NA,7928.24470333333,NA,2019-11-01
Camamu,98.3972666666667,3.20413333333333,4441.34784933333,0,NA,4542.94924933333,NA,2019-11-01
Recôncavo,118.005498333333,60.21762,1282.69572133333,563.852152666667,NA,2024.77099233333,NA,2019-11-01
Sergipe,142.567564666667,76.994309,312.265656,844.227063333333,NA,1376.054593,NA,2019-11-01
Potiguar,253.576210333333,52.2481756666667,552.096242666667,0,NA,857.920628666667,NA,2019-11-01
Alagoas,4.04549933333333,18.6713576666667,651.680188333333,6.66666666666667e-4,NA,674.397712,NA,2019-11-01
Espírito Santo,146.146258333333,36.7922363333333,307.155390666667,0,NA,490.093885333333,NA,2019-11-01
Ceará,0,6.117366,76.6796463333333,0,NA,82.7970123333333,NA,2019-11-01
Tucano Sul,0,0.720933333333333,30.5992473333333,0,NA,31.3201806666667,NA,2019-11-01
Total Geral,14345.4883436666,3432.36514833333,66420.3494036666,52398.6514446667,NA,136596.854340333,NA,2019-11-01
Santos,6471.19070870968,1964.74490612903,32705.417023871,45736.1358374194,NA,86877.488476129,NA,2019-12-01
Campos,6618.74245774194,1264.64268741935,10655.5876545161,68.7832574193548,NA,18607.7560570968,NA,2019-12-01
Solimões,471.80351483871,205.90251516129,7141.28530612903,7059.40435483871,NA,14878.3956909677,NA,2019-12-01
Parnaíba,27.8993738709677,5.97363483870968,7196.17559,0,NA,7230.04859870968,NA,2019-12-01
Camamu,98.1067096774193,3.24912903225806,4421.36849354839,0,NA,4522.72433225806,NA,2019-12-01
Recôncavo,118.63232483871,61.3605948387097,1346.82505645161,503.250139354839,NA,2030.06811548387,NA,2019-12-01
Sergipe,156.655616129032,68.0211070967742,379.91818516129,778.838643870968,NA,1383.43355225806,NA,2019-12-01
Potiguar,228.697079354839,43.2636190322581,569.267494516129,0,NA,841.228192903226,NA,2019-12-01
Alagoas,3.59522483870968,19.5316835483871,752.16527516129,7.09677419354839e-4,NA,775.292893225806,NA,2019-12-01
Espírito Santo,151.663039354839,36.0791312903226,328.967468709677,0,NA,516.709639354839,NA,2019-12-01
Ceará,0,5.66280548387097,80.785919032258093,0,NA,86.448724516129,NA,2019-12-01
Tucano Sul,0.630528709677419,0.839677419354839,29.8162151612903,0,NA,31.2864212903226,NA,2019-12-01
Total Geral,14347.6165780645,3679.2714912903198,65607.5796822581,54146.4129425807,NA,137780.880694194,NA,2019-12-01
Santos,6339.4571216129,2363.03612322581,34586.1249687097,43704.7735129032,NA,86993.3917264516,NA,2020-01-01
Campos,6979.64792903226,1171.92134225806,10734.9384016129,118.589032258065,NA,19005.0967051613,NA,2020-01-01
Solimões,477.012289354839,269.602644516129,7453.80101935484,7012.95490322581,NA,15213.3708564516,NA,2020-01-01
Parnaíba,28.9906787096774,11.1565832258065,7900.80095258065,0,NA,7940.94821451613,NA,2020-01-01
Camamu,81.0161935483871,3.13151612903226,3454.68069129032,0,NA,3538.82840096774,NA,2020-01-01
Recôncavo,108.066892580645,53.1414409677419,1343.93192483871,477.705170322581,NA,1982.84542870968,NA,2020-01-01
Sergipe,175.821917419355,56.3348935483871,435.96765483871,768.789128064516,NA,1436.91359387097,NA,2020-01-01
Espírito Santo,197.49055,37.9594712903226,634.204570967742,0,NA,869.654592258065,NA,2020-01-01
Potiguar,246.763369032258,45.5702438709677,586.86408483871,0,NA,879.197697741935,NA,2020-01-01
Alagoas,3.27735419354839,17.6478412903226,796.462274193548,0.0110967741935484,NA,817.398566451613,NA,2020-01-01
Ceará,2e-38,3.59319290322581,44.590475483871,0,NA,48.1836683870968,NA,2020-01-01
Tucano Sul,3.11946419354839,0.636193548387097,23.3790425806452,0,NA,27.1347003225806,NA,2020-01-01
Total Geral,14640.6637596773,4033.73148677419,67995.74606129037,52082.8228435484,NA,138752.9641512903,NA,2020-01-01
Santos,6288.14272482759,1966.16507827586,32557.5404331034,42237.0944634483,NA,83048.9426996552,NA,2020-02-01
Campos,6554.87976034483,1113.42275068966,10610.7081903448,192.513275862069,NA,18471.5239772414,NA,2020-02-01
Solimões,431.911205862069,241.934654827586,6849.5033624137895,6105.5775862069,NA,13628.9268093103,NA,2020-02-01
Parnaíba,19.2698975862069,15.2920231034483,5046.74371310345,0,NA,5081.3056337931,NA,2020-02-01
Camamu,58.8273448275862,2.55362068965517,2406.60077689655,0,NA,2467.98174241379,NA,2020-02-01
Recôncavo,103.313450344828,50.957105862069,1295.48719896552,476.209012413793,NA,1925.96676758621,NA,2020-02-01
Sergipe,145.114653103448,150.635962068966,537.967195862069,750.427790344828,NA,1584.14560137931,NA,2020-02-01
Espírito Santo,326.198155862069,34.4339272413793,653.355201724138,0,NA,1013.98728482759,NA,2020-02-01
Alagoas,3.39382689655172,18.6041875862069,814.480246896552,0.00258620689655172,NA,836.480847586207,NA,2020-02-01
Potiguar,230.704416896552,43.8095079310345,486.968565862069,0,NA,761.482490689655,NA,2020-02-01
Ceará,2e-38,5.66830965517241,74.2601675862069,0,NA,79.9284772413793,NA,2020-02-01
Tucano Sul,3.06314,0.512143793103448,30.9872879310345,0,NA,34.5625717241379,NA,2020-02-01
Total Geral,14164.8185765519,3643.98927172414,61364.6023406896,49761.8247144827,NA,128935.234903448,NA,2020-02-01
Santos,6528.54692258065,1607.09455225806,26932.5567145161,47461.8854832258,NA,82530.0836725806,NA,2020-03-01
Campos,6600.32325451613,1030.99211870968,10605.8834912903,89.3096774193548,NA,18326.5085419355,NA,2020-03-01
Solimões,460.226031612903,239.041547419355,6049.11383451613,7211.70738709677,NA,13960.0888006452,NA,2020-03-01
Sergipe,152.250090322581,338.131545483871,478.830209354839,807.546548387097,NA,1776.75839354839,NA,2020-03-01
Recôncavo,105.765644516129,56.4702551612903,1080.16097580645,441.891106451613,NA,1684.28798193548,NA,2020-03-01
Espírito Santo,291.137092258065,29.3170074193548,791.572494516129,0,NA,1112.02659419355,NA,2020-03-01
Alagoas,3.54919258064516,17.652474516129,834.70333516129,0.00351612903225806,NA,855.908518387097,NA,2020-03-01
Potiguar,234.007758064516,40.0868409677419,466.732397096774,0,NA,740.826996129032,NA,2020-03-01
Parnaíba,3.42441387096774,6.43526032258065,625.045414516129,0,NA,634.905088709677,NA,2020-03-01
Ceará,2e-38,5.19919258064516,61.7674119354839,0,NA,66.966604516129,NA,2020-03-01
Tucano Sul,0,0.362451612903226,32.3026203225806,0,NA,32.6650719354839,NA,2020-03-01
Amazonas,0,26.3159677419355,0,0,NA,26.3159677419355,NA,2020-03-01
Camamu,1.03038709677419,0.966483870967742,0,0,NA,1.99687096774194,NA,2020-03-01
Total Geral,14380.2607874194,3398.06569806452,47958.6688990322,56012.3437187097,NA,121749.339103226,NA,2020-03-01
Santos,6945.45156966667,1425.816693,32663.825459,48927.7924856667,NA,89962.8862073333,NA,2020-04-01
Campos,6375.13389233333,853.226088333333,8584.11389066667,128.331831,NA,15940.8057023333,NA,2020-04-01
Solimões,468.415632333333,196.554599,7002.28603033333,6555.69646666667,NA,14222.952728333299,NA,2020-04-01
Recôncavo,99.9542226666667,76.763602,982.062451666667,479.458145333333,NA,1638.23842166667,NA,2020-04-01
Alagoas,3.33293266666667,17.4495013333333,851.866622,0.175166666666667,NA,872.824222666667,NA,2020-04-01
Potiguar,116.954210333333,41.3765656666667,449.393392333333,0,NA,607.724168333333,NA,2020-04-01
Sergipe,88.975694,45.923112,0.510742666666667,251.083432333333,NA,386.492981,NA,2020-04-01
Espírito Santo,235.308729666667,24.9918856666667,2.53496233333333,0,NA,262.835577666667,NA,2020-04-01
Parnaíba,2.79546233333333,23.408359,32.8282503333333,0,NA,59.0320716666667,NA,2020-04-01
Tucano Sul,1e-38,0.442567,31.3235836666667,0,NA,31.7661506666667,NA,2020-04-01
Amazonas,0,15.4055333333333,0,0,NA,15.4055333333333,NA,2020-04-01
Camamu,3.03713333333333,2.2545,0,0,NA,5.29163333333333,NA,2020-04-01
Total Geral,14339.3594793333,2723.61300633333,50600.745385,56342.5375276667,NA,124006.255398333,NA,2020-04-01
Santos,6454.46261032258,1546.41982,29302.5337716129,43546.644413871,NA,80850.0606158065,NA,2020-05-01
Campos,6330.11857612903,854.366859677419,9105.23143322581,138.18441516129,NA,16427.9012841935,NA,2020-05-01
Solimões,445.070321935484,155.569644193548,7027.53297935484,5069.33561290323,NA,12697.5085583871,NA,2020-05-01
Recôncavo,99.2962996774193,64.13136,1148.52842387097,420.84743,NA,1732.80351354839,NA,2020-05-01
Alagoas,3.0157735483871,15.3913719354839,853.982331935484,0.00354838709677419,NA,872.393025806452,NA,2020-05-01
Camamu,17.2801290322581,3.09409677419355,636.674399032258,0,NA,657.04862483871,NA,2020-05-01
Potiguar,125.39317483871,46.6662051612903,476.840656129032,0,NA,648.900036129032,NA,2020-05-01
Espírito Santo,206.050146129032,20.52961,-0.280783870967742,0,NA,226.298972258065,NA,2020-05-01
Parnaíba,2.28182225806452,49.0524503225806,73.6921977419355,0,NA,125.026470322581,NA,2020-05-01
Sergipe,49.8218370967742,26.0184209677419,-0.00440741935483871,0,NA,75.8358506451613,NA,2020-05-01
Tucano Sul,1e-38,0.646548709677419,52.7087438709677,0,NA,53.3552925806452,NA,2020-05-01
Total Geral,13732.7906909679,2781.88638774193,48677.4397454839,49175.0154203226,NA,114367.132244516,NA,2020-05-01
Santos,6948.27324366667,1827.07933733333,31246.9462273333,48882.1070416667,NA,88904.40585,NA,2020-06-01
Campos,6380.955805,939.947094666667,9807.14573833333,122.351962333333,NA,17250.4006003333,NA,2020-06-01
Solimões,432.724099333333,159.247699333333,7218.90403966667,5251.89003333333,NA,13062.7658716667,NA,2020-06-01
Camamu,67.8859333333333,3.40006666666667,2640.084015,0,NA,2711.370015,NA,2020-06-01
Parnaíba,4.387862,22.129979,2208.05728233333,0,NA,2234.57512333333,NA,2020-06-01
Recôncavo,96.839674,62.342708,1051.89143233333,436.628617,NA,1647.70243133333,NA,2020-06-01
Alagoas,3.31009966666667,14.5487066666667,941.734548666667,0.0126666666666667,NA,959.606021666667,NA,2020-06-01
Espírito Santo,265.704030333333,26.2596643333333,649.113993333333,0,NA,941.077688,NA,2020-06-01
Potiguar,72.1052136666667,47.0616306666667,505.940857666667,0,NA,625.107702,NA,2020-06-01
Sergipe,41.519366,29.5561013333333,-0.00426233333333333,0,NA,71.071205,NA,2020-06-01
Tucano Sul,-1e-38,0.705080666666667,63.7634143333333,0,NA,64.468495,NA,2020-06-01
Total Geral,14313.705327,3132.27806866667,56333.5772866666,54692.990321,NA,128472.551003333,NA,2020-06-01
Santos,6840.96079741935,2685.85687,30936.3797677419,50668.4666822581,NA,91131.6641174194,NA,2020-07-01
Campos,6356.63624516129,930.527702258065,9561.42427548387,59.3894474193548,NA,16907.9776703226,NA,2020-07-01
Solimões,421.328063548387,183.855967096774,6546.13702322581,6100.9124516129,NA,13252.2335054839,NA,2020-07-01
Camamu,61.9837419354839,3.35448387096774,2248.68821419355,0,NA,2314.02644,NA,2020-07-01
Parnaíba,3.51353741935484,5.88686387096774,2179.19434322581,0,NA,2188.59474451613,NA,2020-07-01
Recôncavo,102.520259677419,67.7810964516129,1319.29342935484,424.638300967742,NA,1914.23308645161,NA,2020-07-01
Alagoas,3.69358032258065,18.0588825806452,945.476426774194,0,NA,967.228889677419,NA,2020-07-01
Espírito Santo,249.652382580645,30.3309683870968,601.011109032258,0,NA,880.99446,NA,2020-07-01
Potiguar,71.3642541935484,47.1292303225806,513.664298387097,0,NA,632.157782903226,NA,2020-07-01
Tucano Sul,0,0.665715806451613,71.1789490322581,0,NA,71.8446648387097,NA,2020-07-01
Sergipe,40.8633348387097,26.8826077419355,3.18607387096774,0,NA,70.9320164516129,NA,2020-07-01
Barreirinhas,0,0.367148387096774,0,0,NA,0.367148387096774,NA,2020-07-01
Total Geral,14152.5161970969,4000.69753677419,54925.6339103225,57253.406882258,NA,130332.254526452,NA,2020-07-01
Santos,6936.29933709677,2574.54114258065,30927.53798,52679.3021725806,NA,93117.6806322581,NA,2020-08-01
Campos,6354.59522258065,1047.71992129032,9832.42389419355,163.213609032258,NA,17397.9526470968,NA,2020-08-01
Solimões,449.512418064516,183.969773548387,6857.24598903226,6328.81570967742,NA,13819.5438903226,NA,2020-08-01
Camamu,65.1587741935484,3.29335483870968,2427.60849741935,0,NA,2496.06062645161,NA,2020-08-01
Parnaíba,5.01287806451613,6.85781870967742,2173.83913967742,0,NA,2185.70983645161,NA,2020-08-01
Recôncavo,98.8620232258064,62.1396067741935,1359.85678387097,414.789107419355,NA,1935.64752129032,NA,2020-08-01
Alagoas,3.91335419354839,14.6481822580645,886.158052580645,0,NA,904.719589032258,NA,2020-08-01
Espírito Santo,260.571056774194,26.9774067741935,569.303530322581,0,NA,856.851993870968,NA,2020-08-01
Potiguar,76.4660435483871,47.2227287096774,528.584607419355,0,NA,652.273379677419,NA,2020-08-01
Tucano Sul,1e-38,0.540622903225806,80.6537793548387,0,NA,81.1944022580645,NA,2020-08-01
Sergipe,37.5055367741935,26.7630887096774,3.9897764516129,0,NA,68.2584019354839,NA,2020-08-01
Total Geral,14287.896644516,3994.67364709677,55647.2020303226,59586.1205987097,NA,133515.892920645,NA,2020-08-01
Santos,6701.47609,2225.65689166667,27572.5643416667,49293.0850323333,NA,85792.7823556667,NA,2020-09-01
Campos,6075.900621,871.813934,9825.500433,100.572395,NA,16873.787383,NA,2020-09-01
Solimões,412.718532333333,186.792732666667,6707.66117,5201.54476666667,NA,12508.7172016667,NA,2020-09-01
Camamu,86.1397333333333,3.25396666666667,3401.95163433333,0,NA,3491.34533433333,NA,2020-09-01
Parnaíba,6.222117,8.82784033333333,2142.80456666667,0,NA,2157.854524,NA,2020-09-01
Recôncavo,98.308233,65.584939,1365.595158,427.818679666667,NA,1957.30700966667,NA,2020-09-01
Alagoas,3.632066,14.5133923333333,847.413781,0,NA,865.559239333333,NA,2020-09-01
Espírito Santo,280.600959333333,24.831428,522.021017,0,NA,827.453404333333,NA,2020-09-01
Potiguar,66.431128,54.2996623333333,503.835297333333,0,NA,624.566087666667,NA,2020-09-01
Tucano Sul,0,0.711857333333333,92.6963866666667,0,NA,93.408244,NA,2020-09-01
Sergipe,39.7018426666667,20.02459,3.28540533333333,0,NA,63.011838,NA,2020-09-01
Barreirinhas,0,0.146626666666667,0,0,NA,0.146626666666667,NA,2020-09-01
Total Geral,13771.1313226666,3476.457861,52985.329191,55023.0208736667,NA,125255.939248333,NA,2020-09-01
Santos,6551.727551,1655.19537833333,23511.7278843333,48910.1787833333,NA,80628.829597,NA,2020-11-01
Campos,5950.40932333333,1015.80341433333,10040.2868876667,41.524864,NA,17048.0244893333,NA,2020-11-01
Solimões,429.230999,156.946032666667,7147.84485866667,5605.25746666667,NA,13339.279357,NA,2020-11-01
Parnaíba,7.23258366666667,6.655726,7391.59832233333,0,NA,7405.486632,NA,2020-11-01
Camamu,87.5803666666667,3.44183333333333,3613.069919,0,NA,3704.092119,NA,2020-11-01
Recôncavo,83.527832,160.953996333333,919.377099,536.129043333333,NA,1699.98797066667,NA,2020-11-01
Espírito Santo,232.537696,38.9360646666667,845.710087666667,0,NA,1117.18384833333,NA,2020-11-01
Alagoas,3.67893266666667,14.6857616666667,659.225102,0,NA,677.589796333333,NA,2020-11-01
Potiguar,57.578867,62.6264303333333,514.881398,0,NA,635.086695333333,NA,2020-11-01
Tucano Sul,0,9.43333333333333e-4,79.2789876666667,0,NA,79.279931,NA,2020-11-01
Sergipe,36.934638,21.875217,3.811571,0,NA,62.621426,NA,2020-11-01
Barreirinhas,0,0.380533333333333,0,0,NA,0.380533333333333,NA,2020-11-01
Total Geral,13440.4387893334,3137.50133133333,54726.8121173333,55093.0901573333,NA,126397.842395333,NA,2020-11-01
Santos,6823.65133645161,1567.02546322581,27458.2683235484,46831.7053158065,NA,82680.6504390323,NA,2020-12-01
Campos,5766.68108580645,1066.27086225806,9039.98588290323,76.2293825806452,NA,15949.1672135484,NA,2020-12-01
Solimões,424.86087,135.005160645161,7243.34984935484,5343.48396774193,NA,13146.6998477419,NA,2020-12-01
Parnaíba,6.93197451612903,6.17720225806452,7330.36254225806,0,NA,7343.47171903226,NA,2020-12-01
Camamu,87.4025161290322,4.51164516129032,3615.76278580645,0,NA,3707.67694709677,NA,2020-12-01
Recôncavo,76.8735077419355,124.519266451613,1053.27459451613,529.866427096774,NA,1784.53379580645,NA,2020-12-01
Espírito Santo,146.014216774194,46.4103087096774,677.66729516129,0,NA,870.091820645161,NA,2020-12-01
Alagoas,3.3380964516129,13.07359,691.105799032258,1.29032258064516e-4,NA,707.517614516129,NA,2020-12-01
Potiguar,57.1281938709677,63.938145483871,508.946434516129,0,NA,630.012773870968,NA,2020-12-01
Tucano Sul,1e-38,0.0134125806451613,88.1219725806452,0,NA,88.1353851612903,NA,2020-12-01
Sergipe,29.3272409677419,21.9877567741935,2.60241612903226,0,NA,53.9174138709677,NA,2020-12-01
Barreirinhas,0,0.267354838709677,0,0,NA,0.267354838709677,NA,2020-12-01
Total Geral,13422.2090387097,3049.2001683871,57709.4478958065,52781.285222258,NA,126962.142325161,NA,2020-12-01
Santos,6944.94370903226,1717.52932612903,23460.7052267742,51717.5937683871,NA,83840.7720303226,NA,2020-10-01
Campos,6284.44324483871,971.348076774194,10323.9584535484,91.1819667741935,NA,17670.9317419355,NA,2020-10-01
Solimões,427.18922483871,127.767031935484,7188.26649645161,5865.66948387097,NA,13608.8922370968,NA,2020-10-01
Parnaíba,6.6367264516129,6.66165419354839,6885.0873183871,0,NA,6898.38569903226,NA,2020-10-01
Camamu,82.9748709677419,3.18687096774194,3400.77435032258,0,NA,3486.93609225806,NA,2020-10-01
Recôncavo,99.9153251612903,80.7296116129032,1404.15678064516,443.019272580645,NA,2027.82099,NA,2020-10-01
Espírito Santo,221.642621612903,29.2165964516129,697.005188064516,0,NA,947.864406129032,NA,2020-10-01
Alagoas,3.68616064516129,13.3891238709677,792.889072580645,0,NA,809.964357096774,NA,2020-10-01
Potiguar,61.0007529032258,54.7759806451613,490.294021935484,0,NA,606.070755483871,NA,2020-10-01
Tucano Sul,-1e-38,0.410010967741935,86.0957748387097,0,NA,86.5057858064516,NA,2020-10-01
Sergipe,41.8454935483871,19.4140974193548,3.84335290322581,0,NA,65.1029438709677,NA,2020-10-01
Barreirinhas,0,0.316645161290322,0,0,NA,0.316645161290322,NA,2020-10-01
Total Geral,14174.2781299999,3024.74502612903,54733.0760364516,58117.4644916129,NA,130049.563684194,NA,2020-10-01
Santos,7193.82801451613,1477.38794483871,29600.3399335484,50992.7875064516,NA,89264.3433993548,NA,2021-01-01
Campos,5798.28321129032,1064.26259258065,10139.1448409677,270.055155806452,NA,17271.7458006452,NA,2021-01-01
Solimões,447.016192903226,150.887064193548,7103.02642645161,6073.17848387097,NA,13774.1081674194,NA,2021-01-01
Parnaíba,9.54256258064516,6.56513161290323,7747.67349612903,0,NA,7763.78119032258,NA,2021-01-01
Camamu,85.8650967741935,3.36667741935484,3342.46585419355,0,NA,3431.6976283871,NA,2021-01-01
Recôncavo,97.3401793548387,74.2416735483871,1416.21856225806,478.843812258065,NA,2066.64422741935,NA,2021-01-01
Espírito Santo,291.127479032258,32.5217816129032,621.166750322581,0,NA,944.816010967742,NA,2021-01-01
Potiguar,61.7133303225806,56.7859416129032,534.748569354839,0,NA,653.247841290323,NA,2021-01-01
Alagoas,3.35128967741935,13.2700932258065,635.971571290323,0,NA,652.592954193548,NA,2021-01-01
Sergipe,32.8273109677419,21.526747741935498,2.68064774193548,0,NA,57.0347064516129,NA,2021-01-01
Tucano Sul,-1e-38,0.00712806451612903,48.8581274193548,0,NA,48.865255483871,NA,2021-01-01
Barreirinhas,0,0.204,0,0,NA,0.204,NA,2021-01-01
Total Geral,14020.8946674194,2901.02677645161,61192.2947796774,57814.8649583871,NA,135929.081181935,NA,2021-01-01
Santos,7248.13973451613,1599.35885096774,28683.8613012903,52536.091036129,NA,90067.4509229032,NA,2021-03-01
Campos,5285.32364258065,1179.99140806452,7484.84693096774,188.352869354839,NA,14138.5148509677,NA,2021-03-01
Solimões,427.869418709677,157.961257419355,7065.64478064516,6083.83148387097,NA,13735.3069406452,NA,2021-03-01
Camamu,80.8975483870968,3.01638709677419,3554.78819967742,0,NA,3638.70213516129,NA,2021-03-01
Recôncavo,100.151048387097,71.4089329032258,1446.16501322581,502.010746451613,NA,2119.73574096774,NA,2021-03-01
Espírito Santo,185.45080516129,38.3033790322581,741.959517741935,0,NA,965.713701935484,NA,2021-03-01
Potiguar,59.2937893548387,74.5660748387097,516.248680322581,0,NA,650.108544516129,NA,2021-03-01
Alagoas,2.73509612903226,14.3565670967742,604.997004193548,0,NA,622.088667419355,NA,2021-03-01
Tucano Sul,-1e-38,0.00840903225806452,70.4711,0,NA,70.4795090322581,NA,2021-03-01
Sergipe,32.7230587096774,22.6891567741935,4.17723032258065,0,NA,59.5894458064516,NA,2021-03-01
Parnaíba,3.12832612903226,11.2496964516129,4.00734032258065,0,NA,18.3853629032258,NA,2021-03-01
Barreirinhas,0,0.228774193548387,0,0,NA,0.228774193548387,NA,2021-03-01
Total Geral,13425.7124680645,3173.13889387097,50177.1670987097,59310.2861358065,NA,126086.304596452,NA,2021-03-01
Santos,7297.06638033333,1420.38559233333,29659.425822,54167.6946673333,NA,92544.572462,NA,2021-04-01
Campos,5795.429176,1001.02872366667,9822.18069066667,57.7206993333333,NA,16676.3592896667,NA,2021-04-01
Solimões,424.003066,227.671765666667,6705.067988,6285.99853333333,NA,13642.741353,NA,2021-04-01
Camamu,70.4046,2.9912,3077.50892366667,0,NA,3150.90472366667,NA,2021-04-01
Recôncavo,103.313951333333,82.4021593333333,1282.486051,509.531772333333,NA,1977.733934,NA,2021-04-01
Parnaíba,3.03938233333333,22.676834,1162.00530766667,0,NA,1187.721524,NA,2021-04-01
Espírito Santo,245.241903666667,55.4050333333333,624.727462,0,NA,925.374399,NA,2021-04-01
Potiguar,58.2677083333333,44.597369,536.628104333333,0,NA,639.493181666667,NA,2021-04-01
Alagoas,2.97326633333333,10.7738676666667,554.129836333333,0.0066,NA,567.883570333333,NA,2021-04-01
Tucano Sul,0,0.00660733333333333,66.3420696666667,0,NA,66.348677,NA,2021-04-01
Sergipe,28.5073096666667,19.495805,4.41182466666667,0,NA,52.4149393333333,NA,2021-04-01
Barreirinhas,0,0.253333333333333,0,0,NA,0.253333333333333,NA,2021-04-01
Total Geral,14028.2467439999,2887.68829066667,53494.91408,61020.9522723333,NA,131431.801387,NA,2021-04-01
Santos,7037.93945774194,1484.74108741935,28153.4692512903,53484.9325106452,NA,90161.0823070968,NA,2021-05-01
Campos,5700.15085387097,999.330220967742,10209.0652454839,0.365902258064516,NA,16908.9122225806,NA,2021-05-01
Solimões,425.619321935484,270.665870322581,6882.43791483871,5975.94532258065,NA,13554.6684296774,NA,2021-05-01
Parnaíba,8.80473774193548,7.16455096774194,5833.73459967742,0,NA,5849.7038883871,NA,2021-05-01
Camamu,80.8807419354839,3.15954838709677,3579.40081677419,0,NA,3663.44110709677,NA,2021-05-01
Recôncavo,106.298753548387,70.0478858064516,1488.2579383871,512.438714516129,NA,2177.04329225806,NA,2021-05-01
Espírito Santo,283.28247516129,31.4662022580645,616.576603225806,0,NA,931.325280645161,NA,2021-05-01
Potiguar,61.3471290322581,43.1372441935484,535.584414193548,0,NA,640.068787419355,NA,2021-05-01
Alagoas,2.89803161290323,15.2141412903226,530.942746451613,0.00725806451612903,NA,549.062177419355,NA,2021-05-01
Tucano Sul,-1e-38,0.00833967741935484,63.0359196774194,0,NA,63.0442593548387,NA,2021-05-01
Sergipe,26.9027422580645,19.4011322580645,5.45735193548387,0,NA,51.7612264516129,NA,2021-05-01
Amazonas,0.110651290322581,3.26392129032258,0.409038387096774,0,NA,3.78361096774194,NA,2021-05-01
Barreirinhas,0,0.209548387096774,0,0,NA,0.209548387096774,NA,2021-05-01
Total Geral,13734.2348961291,2947.80969322581,57898.3718403226,59973.6897080645,NA,134554.106137742,NA,2021-05-01
Santos,7146.72596133333,1719.09890166667,30013.473265,54490.7517583333,NA,93370.0498863333,NA,2021-06-01
Campos,5177.79096833333,988.444756333333,7536.08928766667,54.7845946666667,NA,13757.109607,NA,2021-06-01
Solimões,421.349065666667,226.321966,7401.86952966667,5273.83906666667,NA,13323.379628,NA,2021-06-01
Parnaíba,10.1536993333333,8.57297366666667,7245.15641633333,0,NA,7263.88308933333,NA,2021-06-01
Camamu,81.6753666666667,3.27106666666667,3550.955878,0,NA,3635.90231133333,NA,2021-06-01
Recôncavo,100.475905333333,74.454766,1475.624407,523.354255666667,NA,2173.909334,NA,2021-06-01
Espírito Santo,339.142732333333,25.2037743333333,591.680618333333,0,NA,956.027125,NA,2021-06-01
Potiguar,63.2101493333333,43.271371,590.653530333333,0,NA,697.135050666667,NA,2021-06-01
Alagoas,2.665233,11.8324446666667,432.584658666667,0.00123333333333333,NA,447.083569666667,NA,2021-06-01
Tucano Sul,0,0.00770766666666667,65.7767763333333,0,NA,65.784484,NA,2021-06-01
Sergipe,27.0330263333333,18.1425513333333,4.89451233333333,0,NA,50.07009,NA,2021-06-01
Amazonas,-3.3e-39,9.500306,0.0789303333333333,0,NA,9.57923633333333,NA,2021-06-01
Barreirinhas,0,0.1164,0,0,NA,0.1164,NA,2021-06-01
Total Geral,13370.2221076667,3128.23898533333,58908.83781,60342.7309086666,NA,135750.029811667,NA,2021-06-01
Santos,7066.31579935484,1866.57382,25446.4936829032,59647.8457990323,NA,94027.2291012903,NA,2021-07-01
Campos,5973.18960935484,1270.71821806452,9112.00987548387,62.8422222580645,NA,16418.7599251613,NA,2021-07-01
Solimões,429.324773548387,178.243128387097,7572.22008709677,5358.514,NA,13538.3019890323,NA,2021-07-01
Parnaíba,10.6570370967742,21.720675483871,7401.82662322581,0,NA,7434.20433580645,NA,2021-07-01
Camamu,72.9566451612903,3.18790322580645,3085.81028129032,0,NA,3161.95482967742,NA,2021-07-01
Recôncavo,98.5342096774193,57.3407132258065,1597.97326290323,466.30397483871,NA,2220.15216064516,NA,2021-07-01
Espírito Santo,292.99611483871,23.6848487096774,677.229839677419,0,NA,993.910803225806,NA,2021-07-01
Potiguar,66.3073922580645,42.9679212903226,583.902274193548,0,NA,693.177587741935,NA,2021-07-01
Alagoas,3.04525774193548,11.204545483871,515.640051612903,0,NA,529.88985483871,NA,2021-07-01
Tucano Sul,0,0.00654096774193548,66.8490448387097,0,NA,66.8555858064516,NA,2021-07-01
Sergipe,26.7126064516129,19.7451590322581,5.62931870967742,0,NA,52.0870841935484,NA,2021-07-01
Amazonas,1e-38,20.2864329032258,21.0366477419355,0,NA,41.3230806451613,NA,2021-07-01
Barreirinhas,0,0.175225806451613,0,0,NA,0.175225806451613,NA,2021-07-01
Total Geral,14040.0394454839,3515.85513258065,56086.6209896774,65535.5059961291,NA,139178.021563871,NA,2021-07-01
Santos,6911.03744870968,1724.98857354839,23964.4060493548,58720.366773871,NA,91320.7988454839,NA,2021-08-01
Campos,5764.03165354839,953.597915483871,9444.36258290323,52.0678990322581,NA,16214.0600509677,NA,2021-08-01
Solimões,432.358450967742,204.290870322581,7469.83407354839,5217.60309677419,NA,13324.0864916129,NA,2021-08-01
Parnaíba,21.469127741935502,12.9596312903226,7957.41941483871,0,NA,7991.84817387097,NA,2021-08-01
Camamu,68.7988387096774,3.33674193548387,3027.63241451613,0,NA,3099.76799516129,NA,2021-08-01
Recôncavo,103.18184516129,58.7344774193548,1522.40440709677,482.004916129032,NA,2166.32564580645,NA,2021-08-01
Espírito Santo,300.03203,48.6907516129032,656.182318387097,0,NA,1004.9051,NA,2021-08-01
Potiguar,67.5584680645161,44.8341070967742,570.749253548387,0,NA,683.141828709677,NA,2021-08-01
Alagoas,2.65512838709677,22.881554516129,576.889787419355,0.00716129032258065,NA,602.433631612903,NA,2021-08-01
Amazonas,1e-38,10.0512403225806,68.2744841935484,0,NA,78.325724516129,NA,2021-08-01
Tucano Sul,1e-38,0.00736903225806452,63.0646390322581,0,NA,63.0720080645161,NA,2021-08-01
Sergipe,27.1983377419355,17.1866458064516,1.07577322580645,0,NA,45.4607567741935,NA,2021-08-01
Barreirinhas,0,0.171483870967742,0,0,NA,0.171483870967742,NA,2021-08-01
Total Geral,13698.3213290323,3101.73136225807,55322.2951980645,64472.0498470967,NA,136594.397736452,NA,2021-08-01
Santos,7165.177257,2565.390354,19214.9006433333,61415.288879,NA,90360.7571333333,NA,2021-09-01
Campos,5422.42835366667,973.540083666667,8308.75401466667,43.577363,NA,14748.299815,NA,2021-09-01
Solimões,420.158899,210.703399333333,7182.101654,5064.98076666667,NA,12877.944719,NA,2021-09-01
Parnaíba,42.9723253333333,7.68705933333333,8026.13080566667,0,NA,8076.79019033333,NA,2021-09-01
Camamu,63.8457666666667,35.5642333333333,2669.77794033333,0,NA,2769.18794033333,NA,2021-09-01
Recôncavo,101.467319,60.5713103333333,1465.02879166667,510.251057,NA,2137.318478,NA,2021-09-01
Espírito Santo,253.950438,19.850491,627.417855,0,NA,901.218784,NA,2021-09-01
Potiguar,70.4831493333333,71.9134606666667,523.285267666667,0,NA,665.681877666667,NA,2021-09-01
Alagoas,2.86433266666667,14.1504273333333,577.147759666667,0.00566666666666667,NA,594.168186333333,NA,2021-09-01
Amazonas,0,10.33658,125.26573,0,NA,135.60231,NA,2021-09-01
Tucano Sul,0,0.010106,65.367372,0,NA,65.377478,NA,2021-09-01
Sergipe,24.5188283333333,15.8709856666667,-0.00290866666666667,0,NA,40.3869053333333,NA,2021-09-01
Barreirinhas,0,0.151866666666667,0,0,NA,0.151866666666667,NA,2021-09-01
Total Geral,13567.866669,3985.74035733333,48785.1749253333,67034.1037323333,NA,133372.885684,NA,2021-09-01
Santos,6714.57055967742,2719.48087774194,27185.9536416129,51102.0072464516,NA,87722.0123254839,NA,2021-10-01
Campos,5256.15122354839,1059.63556483871,8538.18180903226,6.64861193548387,NA,14860.6172093548,NA,2021-10-01
Solimões,415.175482580645,197.493482903226,7216.21098193548,5770.71890322581,NA,13599.5988506452,NA,2021-10-01
Parnaíba,43.8379116129032,25.735009032258102,7911.52773709677,0,NA,7981.10065774194,NA,2021-10-01
Camamu,74.8977096774193,3.26403225806452,3168.50104677419,0,NA,3246.66278870968,NA,2021-10-01
Recôncavo,102.720609677419,54.6148670967742,1619.13572193548,466.665635483871,NA,2243.13683419355,NA,2021-10-01
Espírito Santo,242.565201612903,35.4679625806452,362.656364193548,0,NA,640.689528387097,NA,2021-10-01
Potiguar,47.896664516129,175.843039677419,360.18563483871,0,NA,583.925339032258,NA,2021-10-01
Alagoas,2.60445096774194,15.3350632258065,530.644031612903,0.0106451612903226,NA,548.594190967742,NA,2021-10-01
Amazonas,2.06611741935484,39.7251716129032,125.265833225806,0,NA,167.057122258065,NA,2021-10-01
Tucano Sul,1e-38,0.0135793548387097,65.7901248387097,0,NA,65.8037041935484,NA,2021-10-01
Sergipe,27.4452222580645,16.5382996774193,-0.00288064516129032,0,NA,43.9806412903226,NA,2021-10-01
Barreirinhas,0,0.0803870967741935,0,0,NA,0.0803870967741935,NA,2021-10-01
Total Geral,12929.9311535485,4343.22733709677,57084.0500464516,57346.0510422581,NA,131703.259579355,NA,2021-10-01
Santos,7299.15688193548,1881.42390032258,29856.145293871,53741.1574125806,NA,92777.8834887097,NA,2021-12-01
Campos,5441.58897548387,1065.08520870968,8598.80838451613,21.5724835483871,NA,15127.0550522581,NA,2021-12-01
Solimões,444.766192258065,196.509483225806,6623.01197258065,6546.29235483871,NA,13810.5800029032,NA,2021-12-01
Parnaíba,22.6121690322581,6.65616387096774,3402.91265774194,0,NA,3432.18099064516,NA,2021-12-01
Camamu,58.4355161290323,3.02629032258065,2442.47667645161,0,NA,2503.93848290323,NA,2021-12-01
Recôncavo,98.3827864516129,58.7156680645161,1612.35063516129,386.90486,NA,2156.35394967742,NA,2021-12-01
Espírito Santo,287.999244193548,32.6205848387097,593.359159677419,0,NA,913.978988709677,NA,2021-12-01
Potiguar,63.0106048387097,45.6207074193548,666.89034,0,NA,775.521652258065,NA,2021-12-01
Alagoas,1.87299935483871,15.7141158064516,479.583566129032,0.00258064516129032,NA,497.173261935484,NA,2021-12-01
Amazonas,1.37824096774194,6.06699935483871,99.2707438709677,0,NA,106.715984193548,NA,2021-12-01
Tucano Sul,3.65028967741935,0.00492935483870968,89.9993187096774,0,NA,93.6545377419355,NA,2021-12-01
Sergipe,23.7437016129032,17.0112787096774,0.131359677419355,2.45138709677419,NA,43.3377270967742,NA,2021-12-01
Barreirinhas,0,0.177806451612903,0,0,NA,0.177806451612903,NA,2021-12-01
Total Geral,13746.5976019353,3328.63313645161,54464.9401083871,60698.3810787097,NA,132238.551925484,NA,2021-12-01
Santos,7111.14422566667,2253.49201533333,31546.302165,51109.2450893333,NA,92020.1834953333,NA,2021-11-01
Campos,5512.97613766667,1170.68231733333,8475.69103633333,107.20749866666699,NA,15266.55699,NA,2021-11-01
Solimões,423.137966,159.417266333333,7466.09384033333,5793.48113333333,NA,13842.130206,NA,2021-11-01
Parnaíba,44.4588416666667,17.9026333333333,7480.32111066667,0,NA,7542.68258566667,NA,2021-11-01
Camamu,78.8423,3.20946666666667,3342.41081566667,0,NA,3424.46258233333,NA,2021-11-01
Recôncavo,97.3030663333333,60.757267,1558.20022166667,408.176557666667,NA,2124.43711266667,NA,2021-11-01
Espírito Santo,278.12896,23.4172553333333,575.857125,0,NA,877.403340333333,NA,2021-11-01
Potiguar,68.3430633333333,42.4986563333333,625.218800333333,0,NA,736.06052,NA,2021-11-01
Alagoas,2.169433,20.7433973333333,373.682309333333,0.0066,NA,396.601739666667,NA,2021-11-01
Amazonas,2.247075,22.8634443333333,213.561778,0,NA,238.672297333333,NA,2021-11-01
Tucano Sul,2.71313333333333,0.00343466666666667,72.5830446666667,0,NA,75.2996126666667,NA,2021-11-01
Sergipe,25.3173793333333,14.9330726666667,0.0948343333333333,0,NA,40.3452863333333,NA,2021-11-01
Barreirinhas,0,0.121333333333333,0,0,NA,0.121333333333333,NA,2021-11-01
Total Geral,13646.7815813333,3790.04156,61730.0170813333,57418.116879,NA,136584.957101667,NA,2021-11-01
Santos,7073.83461357143,1797.88855071428,27003.8765160714,53036.67963,NA,88912.2793103571,NA,2021-02-01
Campos,5389.08299857143,1156.91696071429,9621.95488785714,83.4900657142857,NA,16251.4449128571,NA,2021-02-01
Solimões,414.982641428571,225.389856428571,6960.66808035714,5503.65242857143,NA,13104.6930067857,NA,2021-02-01
Parnaíba,9.53864535714286,74.1757578571428,5266.10888607143,0,NA,5349.82328928571,NA,2021-02-01
Camamu,70.3782142857143,3.24839285714286,2798.31385285714,0,NA,2871.94046,NA,2021-02-01
Recôncavo,99.3307875,74.6177839285714,1549.52378285714,472.632473928571,NA,2196.10482821429,NA,2021-02-01
Espírito Santo,287.7824975,39.7597721428571,681.23471,0,NA,1008.77697964286,NA,2021-02-01
Potiguar,62.1323703571428,64.1492914285714,515.836026071429,0,NA,642.117687857143,NA,2021-02-01
Alagoas,3.37924928571429,16.0673921428571,610.575165,4.64285714285714e-4,NA,630.022270714286,NA,2021-02-01
Sergipe,38.9926307142857,22.1828907142857,3.1278325,0,NA,64.3033539285714,NA,2021-02-01
Tucano Sul,1e-38,0.00581107142857143,54.9607235714286,0,NA,54.9665346428571,NA,2021-02-01
Barreirinhas,0,0.283714285714286,0,0,NA,0.283714285714286,NA,2021-02-01
Total Geral,13449.4346485715,3474.68617428571,55066.1804632143,59096.4550625,NA,131086.756348571,NA,2021-02-01
Santos,7779.39575,1352.29245133333,31482.483795,59931.4414966667,NA,100545.613493,NA,2022-04-01
Solimões,461.7949,221.491066333333,6411.94066666667,7100.26533333333,NA,14195.4919663333,NA,2022-04-01
Campos,5334.18321233333,952.247302,7257.27979933333,235.687933333333,NA,13779.398247,NA,2022-04-01
Camamu,79.8268333333333,3.99616666666667,2916.3588,0,NA,3000.1818,NA,2022-04-01
Recôncavo,119.890083,72.5982643333333,1618.53471533333,337.026309333333,NA,2148.049372,NA,2022-04-01
Potiguar,88.4904536666667,44.4020426666667,742.728729,0,NA,875.621225333333,NA,2022-04-01
Alagoas,2.212961,15.977303,819.912931333333,0.00484033333333333,NA,838.108035666667,NA,2022-04-01
Espírito Santo,277.610416,35.9652613333333,506.033418,0,NA,819.609095333333,NA,2022-04-01
Amazonas,1.792269,17.458507,346.219094333333,0,NA,365.469870333333,NA,2022-04-01
Tucano Sul,3.52719933333333,0.00954,102.891419333333,0,NA,106.428158666667,NA,2022-04-01
Parnaíba,1.54765633333333,29.0416203333333,42.6733006666667,0,NA,73.2625773333333,NA,2022-04-01
Sergipe,16.8443823333333,13.9833076666667,1.79736533333333,12.3108333333333,NA,44.9358886666667,NA,2022-04-01
Barreirinhas,0,0.0977333333333333,0,0,NA,0.0977333333333333,NA,2022-04-01
Total Geral,14167.1161163332,2759.560566,52248.8540343333,67616.7367463334,NA,136792.267463,NA,2022-04-01
Santos,8043.77542535714,1625.0322675,29787.9137378571,59328.9856628571,NA,98785.7070935714,NA,2022-02-01
Campos,5204.36172,930.421565714286,7502.88161285714,156.539964285714,NA,13794.2048628571,NA,2022-02-01
Solimões,411.079463214286,270.092213571429,6285.55764964286,6059.64121428571,NA,13026.3705407143,NA,2022-02-01
Camamu,76.0203928571429,3.45642857142857,2932.11606285714,0,NA,3011.59288428571,NA,2022-02-01
Recôncavo,120.4346875,72.2429107142857,1572.33558285714,401.813517142857,NA,2166.82669821429,NA,2022-02-01
Potiguar,103.847207142857,38.8253964285714,765.231372857143,0,NA,907.903976428571,NA,2022-02-01
Espírito Santo,257.830502857143,40.522935,484.785643214286,0,NA,783.139081071429,NA,2022-02-01
Alagoas,2.02714,19.2109489285714,384.547644285714,0.00928857142857143,NA,405.795021785714,NA,2022-02-01
Amazonas,1.58858928571429,7.93542464285714,197.059657142857,0,NA,206.583671071429,NA,2022-02-01
Tucano Sul,1.95782107142857,0.00259642857142857,74.2940557142857,0,NA,76.2544732142857,NA,2022-02-01
Sergipe,16.90941,14.7708078571428,1.88622285714286,2.09532142857143,NA,35.6617621428571,NA,2022-02-01
Parnaíba,0.881218214285714,15.3573814285714,3.83571857142857,0,NA,20.0743182142857,NA,2022-02-01
Barreirinhas,0,0.111142857142857,0,0,NA,0.111142857142857,NA,2022-02-01
Total Geral,14240.7135775,3037.98201964286,49992.4449607142,65949.0849685714,NA,133220.225526429,NA,2022-02-01
Santos,8364.08751354839,1656.22055290323,29373.3383170968,60815.5064396774,NA,100209.152823226,NA,2022-01-01
Campos,5743.61080193548,1184.62663741935,8370.43846258065,133.559354516129,NA,15432.2352564516,NA,2022-01-01
Solimões,433.72016,161.276902580645,6278.7425916129,7126.58993548387,NA,14000.3295896774,NA,2022-01-01
Camamu,76.8280322580645,3.29974193548387,3137.59883903226,0,NA,3217.72661322581,NA,2022-01-01
Recôncavo,118.793969032258,66.1139322580645,1595.44546354839,395.044916774194,NA,2175.3982816129,NA,2022-01-01
Potiguar,102.741168387097,53.3159890322581,704.591146129032,0,NA,860.648303548387,NA,2022-01-01
Espírito Santo,247.421817741935,36.6223535483871,562.508724516129,0,NA,846.55289580645206,NA,2022-01-01
Alagoas,2.45780612903226,19.5842596774194,407.740243225806,0.00390322580645161,NA,429.786212258065,NA,2022-01-01
Amazonas,1.15846838709677,26.6852848387097,92.2000148387097,0,NA,120.043768064516,NA,2022-01-01
Tucano Sul,2.87387032258065,0.00266,85.8885377419355,0,NA,88.7650680645161,NA,2022-01-01
Sergipe,19.274294516129,15.0094525806452,1.02910967741935,1.94803225806452,NA,37.2608890322581,NA,2022-01-01
Parnaíba,2.47010677419355,8.59353806451613,2.22758806451613,0,NA,13.2912329032258,NA,2022-01-01
Barreirinhas,0,0.124774193548387,0,0,NA,0.124774193548387,NA,2022-01-01
Total Geral,15115.4380090322,3231.47607903226,50611.7490380645,68472.6525819355,NA,137431.315708064,NA,2022-01-01
Santos,7028.437406,3051.475153,27542.2703973333,55402.670908,NA,93024.8538643333,NA,2022-06-01
Solimões,455.654666666667,186.255666333333,6023.292901,6650.364,NA,13315.567234,NA,2022-06-01
Campos,4675.21747866667,918.279994333333,6525.835288,102.8716,NA,12222.204361,NA,2022-06-01
Parnaíba,46.604699,8.15421266666667,6502.14053,0,NA,6556.89944166667,NA,2022-06-01
Camamu,65.8138,3.75526666666667,2418.81396666667,0,NA,2488.38303333333,NA,2022-06-01
Recôncavo,111.658354666667,66.9275023333333,1769.40289,282.179947666667,NA,2230.16869466667,NA,2022-06-01
Alagoas,2.02404766666667,17.0681843333333,907.701501666667,0.012113,NA,926.805846666667,NA,2022-06-01
Potiguar,90.790027,42.825075,778.134131333333,0,NA,911.749233333333,NA,2022-06-01
Espírito Santo,80.9330056666667,24.9607483333333,519.269394333333,0,NA,625.163148333333,NA,2022-06-01
Amazonas,2.985953,29.6323573333333,442.794166666667,0,NA,475.412477,NA,2022-06-01
Tucano Sul,4.10593233333333,0.0101653333333333,115.644558,0,NA,119.760655666667,NA,2022-06-01
Sergipe,0.222702333333333,3.7341,1.81839266666667,0.0105333333333333,NA,5.78572833333333,NA,2022-06-01
Barreirinhas,0,0.0930666666666667,0,0,NA,0.0930666666666667,NA,2022-06-01
Total Geral,12564.4480730001,4353.17149233333,53547.1181176666,62438.109102,NA,132902.846785,NA,2022-06-01
Santos,7461.42912580645,3213.31880419355,26894.4065145161,59582.5024106452,NA,97151.6568551613,NA,2022-05-01
Solimões,444.098548387097,160.848612903226,5330.5314516129,7448.38035483871,NA,13383.8589677419,NA,2022-05-01
Campos,4882.51958516129,991.333315806452,6900.26090645161,176.759709677419,NA,12950.8735170968,NA,2022-05-01
Camamu,79.0234193548387,3.733,2934.15412903226,0,NA,3016.9105483871,NA,2022-05-01
Recôncavo,122.482484516129,56.8915493548387,1597.12933483871,285.976410322581,NA,2062.47977903226,NA,2022-05-01
Potiguar,83.4302612903226,37.4434009677419,770.439455806452,0,NA,891.313118064516,NA,2022-05-01
Alagoas,2.36455161290323,14.1826483870968,848.355578387097,0.00456483870967742,NA,864.907343225806,NA,2022-05-01
Espírito Santo,257.038590645161,38.3071090322581,492.379151612903,0,NA,787.724851290323,NA,2022-05-01
Amazonas,3.12532290322581,25.9715367741935,370.115128387097,0,NA,399.211988064516,NA,2022-05-01
Tucano Sul,3.47248322580645,0.00729225806451613,110.882344193548,0,NA,114.362119677419,NA,2022-05-01
Parnaíba,1.19217258064516,11.8323283870968,47.3608258064516,0,NA,60.3853267741935,NA,2022-05-01
Sergipe,11.1002590322581,11.3108319354839,2.10846741935484,4.75287096774194,NA,29.2724293548387,NA,2022-05-01
Barreirinhas,0,0.122838709677419,0,0,NA,0.122838709677419,NA,2022-05-01
Total Geral,13351.2768045162,4565.30326870968,46298.1232880645,67498.3763212903,NA,131713.079682581,NA,2022-05-01
Santos,3856.89519290323,1268.36744516129,29765.1318683871,19280.5282177419,NA,54170.9227241935,NA,2017-10-01
Campos,8133.55549419355,1627.82846032258,15349.9847677419,162.293225806452,NA,25273.6619480645,NA,2017-10-01
Solimões,392.324966129032,241.661612580645,5763.54942225806,6082.57703225806,NA,12480.1130332258,NA,2017-10-01
Parnaíba,28.9093703225806,4.55370290322581,7520.34635322581,0,NA,7553.80942645161,NA,2017-10-01
Camamu,122.404677419355,2.75987096774194,5135.63502774194,0,NA,5260.79957612903,NA,2017-10-01
Espírito Santo,408.430426774194,27.8188606451613,2711.40694967742,0,NA,3147.65623709677,NA,2017-10-01
Sergipe,192.859201290323,65.5414887096774,644.798566451613,1444.04712645161,NA,2347.24638290323,NA,2017-10-01
Recôncavo,119.887528064516,76.8623638709677,1272.98641516129,641.46918,NA,2111.20548709677,NA,2017-10-01
Alagoas,3.06340935483871,17.8916929032258,1089.68784451613,0,NA,1110.64294677419,NA,2017-10-01
Potiguar,213.695093548387,54.2797912903226,770.499695483871,0,NA,1038.47458032258,NA,2017-10-01
Ceará,0.0130645161290323,4.60809580645161,68.9456406451613,0,NA,73.5668009677419,NA,2017-10-01
Tucano Sul,0,0.194800322580645,35.7341232258064,0,NA,35.9289235483871,NA,2017-10-01
Total Geral,13472.0384245161,3392.36818548387,70128.7066745161,27610.914782258,NA,114604.028066774,NA,2017-10-01
Santos,3685.18546633333,1478.278193,30194.4626016667,19280.9090626667,NA,54638.8353236667,NA,2017-11-01
Campos,7978.74055166667,1527.622022,14292.6458376667,203.8991,NA,24002.9075113333,NA,2017-11-01
Solimões,378.148132,285.001732666667,6112.30478833333,5179.5074,NA,11954.962053,NA,2017-11-01
Parnaíba,28.9851126666667,6.406998,7506.44520366667,0,NA,7541.83731433333,NA,2017-11-01
Camamu,126.130333333333,3.20946666666667,5472.55952433333,0,NA,5601.89932433333,NA,2017-11-01
Espírito Santo,409.280963666667,41.4209546666667,2449.89503333333,0,NA,2900.59695166667,NA,2017-11-01
Sergipe,187.926669333333,59.707357,672.308269333333,1510.60323033333,NA,2430.545526,NA,2017-11-01
Recôncavo,122.973775,75.1083233333333,1249.892635,627.523720333333,NA,2075.49845366667,NA,2017-11-01
Alagoas,2.64766166666667,15.6460353333333,1094.32632966667,0.485766666666667,NA,1113.10579333333,NA,2017-11-01
Potiguar,148.567497,69.275458,821.435361,0,NA,1039.278316,NA,2017-11-01
Ceará,0.0937666666666667,4.974699,72.5266566666667,0,NA,77.5951223333333,NA,2017-11-01
Tucano Sul,-1e-38,0.224379,32.5786863333333,0,NA,32.8030653333333,NA,2017-11-01
Total Geral,13068.6799293333,3566.87561866667,69971.3809270001,26802.92828,NA,113409.864755,NA,2017-11-01
Santos,3857.63235451613,1798.42102548387,30383.9426980645,18514.8192864516,NA,54554.8153645161,NA,2017-12-01
Campos,7576.45861741935,1565.60356709677,15156.6037877419,216.794677419355,NA,24515.4606496774,NA,2017-12-01
Solimões,376.362547419355,225.018709032258,5359.96281612903,5736.73535483871,NA,11698.0794274194,NA,2017-12-01
Parnaíba,28.3922925806452,6.17931516129032,7582.01653870968,0,NA,7616.58814645161,NA,2017-12-01
Camamu,105.544967741935,3.00170967741935,5768.08510548387,0,NA,5876.63178290323,NA,2017-12-01
Espírito Santo,407.569925483871,41.0300267741935,2051.85305483871,0,NA,2500.45300709677,NA,2017-12-01
Sergipe,196.520814193548,54.5259103225806,646.015877741935,1594.47961258065,NA,2491.54221483871,NA,2017-12-01
Recôncavo,113.892902258065,77.65284,1345.5387783871,630.250535806452,NA,2167.33505645161,NA,2017-12-01
Potiguar,271.020577419355,64.6227329032258,667.607887419355,0,NA,1003.25119774194,NA,2017-12-01
Alagoas,2.82731258064516,21.6730593548387,797.813959032258,3.38774193548387,NA,825.702072903226,NA,2017-12-01
Ceará,0.0279677419354839,7.34358,78.9416941935484,0,NA,86.3132419354839,NA,2017-12-01
Tucano Sul,-1e-38,0.569196129032258,35.9481741935484,0,NA,36.5173703225806,NA,2017-12-01
Total Geral,12936.250279354834,3865.641671935479,69874.33037193543,26696.46720903225,NA,113372.68953225807,NA,2017-12-01
