Estado,Petróleo (bbl/d),Gás Natural (Mm³/d),Produção Total (boe/d),Nº Campos produtores,mes
Rio De Janeiro,1845069.6361435913,54294.62465806454,2186572.5092641325,44,2017-10-01
Espírito Santo,355941.215930301,10091.3053322581,419413.609122191,49,2017-10-01
São Paulo,297058.630423151,18206.3109158065,411572.8668845,5,2017-10-01
Amazonas,19974.3872993226,12480.1130332258,98471.9270568366,7,2017-10-01
Bahia,32632.8777509525,7407.93398677419,79227.3750203047,80,2017-10-01
Rio Grande Do Norte,45365.0487514028,1037.45501483871,51890.4436782855,78,2017-10-01
Maranhão,54.5780509254033,7553.80942645161,47566.604119515,3,2017-10-01
Sergipe,22646.6779399665,2347.28986612903,37410.6852128435,21,2017-10-01
Alagoas,3372.13534675117,1110.64294677419,10357.868459801,12,2017-10-01
Ceará,5312.11320902484,74.5863664516129,5781.24728259586,6,2017-10-01
Total Geral,2627427.30084539,114604.071546774,3348265.136101,305,2017-10-01
Rio de Janeiro,1831275.76219168,53988.1898223334,2170851.21841809,41,2017-11-01
Espírito Santo,356480.232674179,9966.05004966667,419164.793937073,49,2017-11-01
São Paulo,281165.57077579,17588.3165353333,391792.740002895,5,2017-11-01
Amazonas,18765.4258950467,11954.962053,93959.8657656266,7,2017-11-01
Bahia,31817.0908898451,7710.20084333333,80312.7892562516,83,2017-11-01
Rio Grande do Norte,43821.8710165489,1038.32700666667,50352.7506063509,78,2017-11-01
Maranhão,58.3685352605667,7541.83731433333,47495.0922933275,4,2017-11-01
Sergipe,22511.8171877922,2430.545526,37799.4867426822,21,2017-11-01
Alagoas,3195.48007489556,1113.10579333333,10196.7040248615,12,2017-11-01
Ceará,5551.72302049533,78.5464316666666,6045.76515185665,6,2017-11-01
Total Geral,2594643.34226153,113410.081375667,3307971.20619901,306,2017-11-01
Rio de Janeiro,1764854.20727957,51655.1329848387,2089755.17927894,41,2017-12-01
São Paulo,348033.032099661,19662.3549967742,471705.509181922,6,2017-12-01
Espírito Santo,375642.813524711,10253.241036129,440133.751526166,51,2017-12-01
Amazonas,19028.6798733161,11698.0794274194,92607.3768366927,7,2017-12-01
Bahia,31323.920864785,8080.48420967742,82148.6312516562,82,2017-12-01
Rio Grande do Norte,43152.3925361721,1002.319777419354,49456.793495382095,77,2017-12-01
Maranhão,70.5353577355614,7616.5881416129,47977.4276167338,5,2017-12-01
Sergipe,22315.530310635,2491.54221483871,37986.8574489496,20,2017-12-01
Alagoas,2832.04949755905,825.702072903226,8025.55865272649,11,2017-12-01
Ceará,5118.83363753484,87.2501074193548,5667.62023568217,6,2017-12-01
Total Geral,2612371.99498168,113372.694969032,3325464.70552485,306,2017-12-01
Rio de Janeiro,1805382.95688273,54119.4839187097,2145784.22802947,37,2018-01-01
São Paulo,340246.448283149,19529.1727958065,463081.23462594,6,2018-01-01
Espírito Santo,345584.345929142,9875.58445483871,407699.895789032,50,2018-01-01
Amazonas,19429.5964206581,11529.6208977419,91948.7212394843,7,2018-01-01
Bahia,31474.4597225529,6606.97340903226,73031.067140418,83,2018-01-01
Rio Grande do Norte,43114.3652275144,970.510136774193,49218.6895908981,78,2018-01-01
Maranhão,50.0288626550935,6133.61023451613,38629.271851817,5,2018-01-01
Sergipe,22163.8025002277,2486.95765774193,37806.2936454695,21,2018-01-01
Alagoas,2820.65591253825,1096.55268516129,9717.76395719258,12,2018-01-01
Ceará,4926.78179637742,71.5847064516129,5377.03599886384,6,2018-01-01
Total Geral,2615193.44153754,112420.050896774,3322294.20186858,305,2018-01-01
Rio de Janeiro,1805601.00808395,54908.9950589286,2150968.15429555,35,2018-02-01
São Paulo,344159.987534865,19896.9245217857,469307.862361238,6,2018-02-01
Espírito Santo,343890.059121187,9317.53857642857,402495.606434593,50,2018-02-01
Amazonas,21716.4248884321,13952.96964,109477.952859801,7,2018-02-01
Bahia,30779.465369659272,6995.344853571428,74778.85538310133,85,2018-02-01
Rio Grande do Norte,41916.8654074339,1002.19592321429,48220.4873472263,79,2018-02-01
Sergipe,21308.4766535079,2294.67671142857,35741.5571798185,21,2018-02-01
Alagoas,3003.69233416928,1182.69312785714,10442.6073966964,12,2018-02-01
Ceará,4967.98194316822,84.9391392857143,5502.2329908389,6,2018-02-01
Maranhão,1.34064155245,176.519603928571,1111.61541153842,2,2018-02-01
Total Geral,2617345.301977925,109812.79715642858,3308046.9316604016,303,2018-02-01
Rio De Janeiro,1766948.98641921,54635.5344935484,2110596.11763208,35,2018-03-01
São Paulo,326940.608754158,18799.55785,445186.255714667,6,2018-03-01
Espírito Santo,344313.973967637,8603.79929903225,398430.236836683,45,2018-03-01
Amazonas,20613.2067795452,13779.3638554839,107282.787351406,7,2018-03-01
Bahia,29744.842056037,6911.70459129032,73218.1507113808,89,2018-03-01
Rio Grande Do Norte,41480.1181645341,995.048881290322,47738.7865685628,80,2018-03-01
Sergipe,19523.1343886305,2086.10446548387,32644.3351166756,20,2018-03-01
Alagoas,2584.46575173178,1069.96293870968,9314.32934325729,12,2018-03-01
Ceará,5150.24048493871,84.0715493548387,5679.03455678627,6,2018-03-01
Maranhão,0,7.05160322580645,44.3532444857097,1,2018-03-01
Total Geral,2557299.576766422,106972.19952741939,3230134.387075985,301,2018-03-01
Rio de Janeiro,1837591.99305854,57507.0876963333,2199300.64832181,39,2018-04-01
Espírito Santo,363975.423311332,9185.842875,421752.629684936,46,2018-04-01
São Paulo,277654.607220203,16986.8017093333,384498.362479585,6,2018-04-01
Amazonas,21000.1660356,14191.9677463333,110264.946686165,7,2018-04-01
Bahia,29365.0891805735,6537.42437333333,70484.2463782092,82,2018-04-01
Rio Grande do Norte,41268.3181129107,1026.60547166667,47725.4714746544,79,2018-04-01
Sergipe,17664.899703227,1620.144404,27855.3001769503,21,2018-04-01
Alagoas,2676.64857581129,1047.50562966667,9265.25996034499,12,2018-04-01
Ceará,5527.09778536434,90.8145403333333,6098.30398929834,6,2018-04-01
Maranhão,3.54771072221,553.182717333334,3482.96189803259,4,2018-04-01
Total Geral,2596727.7906942843,108747.37716333324,3280728.131049986,302,2018-04-01
Rio de Janeiro,1819937.76798455,57267.3050758064,2180138.2361234,39,2018-05-01
São Paulo,324762.674795907,17836.776986129,436952.613051031,6,2018-05-01
Espírito Santo,345632.299560292,10080.9764703226,409039.726173091,47,2018-05-01
Amazonas,21533.1259845516,15019.1841887097,116000.94088654,7,2018-05-01
Bahia,28855.7830124968,7250.89270935484,74462.520484724,85,2018-05-01
Rio Grande do Norte,40542.9246638941,985.086978709678,46738.934593452,80,2018-05-01
Sergipe,18372.0512850605,2133.88178645161,31793.7622843018,21,2018-05-01
Alagoas,2433.40240496881,1140.16732806452,9604.83826670228,11,2018-05-01
Ceará,5383.54516091517,99.1391335483871,6007.11147449915,6,2018-05-01
Maranhão,2.29963772380968,78.9788187096774,499.061401432126,4,2018-05-01
Total Geral,2607455.8744903593,111892.3894758064,3311237.7447391725,306,2018-05-01
Rio de Janeiro,1826442.84752032,56142.725828,2179569.92586053,39,2018-06-01
São Paulo,323340.13058399,17320.156951,432280.626975959,6,2018-06-01
Espírito Santo,322757.795735358,9345.579842,381539.717281369,47,2018-06-01
Amazonas,21079.1933050433,14693.9753033333,113501.506107702,7,2018-06-01
Bahia,29334.1068722143,7082.10017166666,73879.171352965,85,2018-06-01
Rio Grande do Norte,40255.5956936907,970.408341333334,46359.2797830925,82,2018-06-01
Maranhão,55.6838137262,5994.44069133333,37759.5768184815,5,2018-06-01
Sergipe,18282.9382369059,2199.34412566667,32116.3949119653,21,2018-06-01
Alagoas,2561.86327736182,1076.386801,9332.13174215964,12,2018-06-01
Ceará,5734.91772029166,101.05009,6370.50358687456,6,2018-06-01
Total Geral,2589845.07275891,114926.168145333,3312708.8344211,310,2018-06-01
Rio De Janeiro,1829715.9903745833,56409.59586838713,2184521.6305635236,41,2018-07-01
São Paulo,319768.05029728,16144.0946990323,421311.3385762,6,2018-07-01
Espírito Santo,310980.44615316,9591.78556580645,371310.954922825,48,2018-07-01
Amazonas,19870.5607969613,14353.0518119355,110148.529614191,7,2018-07-01
Bahia,28887.1570311505,7260.7584283871,74555.9480016039,83,2018-07-01
Maranhão,74.8837286043387,7868.42407806452,49565.7761790553,5,2018-07-01
Rio Grande Do Norte,39832.5151871166,952.871848387097,45825.8980678202,81,2018-07-01
Sergipe,17927.3411909613,2172.45447967742,31591.6671017811,21,2018-07-01
Alagoas,2473.68322675324,1116.61159612903,9496.95801020159,12,2018-07-01
Ceará,5598.51686681549,100.040625806452,6227.75339541917,6,2018-07-01
Total Geral,2575129.14485339,115969.689001613,3304556.45443262,310,2018-07-01
Rio de Janeiro,1736804.82734698,49818.5424393549,2050153.99376746,41,2018-08-01
Espírito Santo,350304.17233174,10149.4760454839,414142.448257385,48,2018-08-01
São Paulo,321725.467574874,12347.2847803225,399387.542858995,5,2018-08-01
Amazonas,20366.7781106581,14774.3213867742,113294.452512404,7,2018-08-01
Bahia,29339.9595826219,7187.33969225806,74546.9606523836,82,2018-08-01
Maranhão,90.4661262170194,7796.20229032258,49127.0972539109,5,2018-08-01
Rio Grande do Norte,37023.5436395444,933.828875806451,42897.1498408806,82,2018-08-01
Sergipe,17509.9444649039,2149.86937419355,31032.2143534002,21,2018-08-01
Alagoas,2884.94079390499,1095.00992129032,9772.34514693608,12,2018-08-01
Ceará,5695.82306807484,115.509762258064,6422.35752582324,6,2018-08-01
Total Geral,2521745.92303952,106367.384568064,3190776.56216958,309,2018-08-01
Rio De Janeiro,1754762.83479823,53371.9245466666,2090462.0995311,38,2018-09-01
São Paulo,325321.888276533,16148.595015,426893.48268783,6,2018-09-01
Espírito Santo,292837.141881808,8841.637861,348449.364116305,48,2018-09-01
Amazonas,20183.7507942033,14991.317241,114476.287889818,7,2018-09-01
Bahia,28811.8573037784,7342.74619266667,74996.3357338751,85,2018-09-01
Maranhão,81.4061720290867,7909.487626,49830.5805369201,4,2018-09-01
Rio Grande Do Norte,38760.3790497683,936.103822666666,44648.2942346153,80,2018-09-01
Sergipe,16800.434475188,2176.612383,30490.9128079052,20,2018-09-01
Alagoas,2706.99264876331,1066.312931,9413.89838529643,12,2018-09-01
Ceará,5457.13748669633,117.373060333333,6195.39173531153,6,2018-09-01
Total Geral,2485723.822887,112902.110679333,3195856.64765897,306,2018-09-01
Rio De Janeiro,1825950.24782202,54915.6023103226,2171358.95238952,38,2018-10-01
São Paulo,328933.845485216,19030.263686129,448630.588320867,4,2018-10-01
Espírito Santo,346114.322941789,9856.28850258065,408108.504928206,46,2018-10-01
Amazonas,19938.3649487613,14619.40822,111891.664964999,7,2018-10-01
Bahia,29174.6120651751,7208.06801064516,74511.9903192112,86,2018-10-01
Rio Grande Do Norte,39256.5135570343,937.352273225808,45152.2812586927,80,2018-10-01
Maranhão,97.3701584822,6962.03387387097,43887.2404386945,5,2018-10-01
Sergipe,16600.6626413516,2237.36257451613,30673.2481361689,20,2018-10-01
Alagoas,2622.91623474828,1155.75508645161,9892.3961350625,12,2018-10-01
Ceará,5443.0005029771,115.002216774194,6166.34259606559,6,2018-10-01
Total Geral,2614131.85635756,117037.136754516,3350273.20948748,304,2018-10-01
Rio De Janeiro,1844459.64874398,55366.570425,2192704.85706884,37,2018-11-01
São Paulo,284113.0151872853,18187.394431000033,398508.27055333275,9,2018-11-01
Espírito Santo,325003.798986264,9557.42172733333,385118.165741063,46,2018-11-01
Amazonas,20015.6619117633,14943.509404,114007.496796137,7,2018-11-01
Bahia,29352.467246925,7321.23450533333,75401.6412509157,84,2018-11-01
Rio Grande Do Norte,40146.2326328785,922.995143000001,45951.6967132713,80,2018-11-01
Sergipe,16158.464996572,2204.58560333333,30024.889570274,21,2018-11-01
Maranhão,40.2238339415933,2550.76669333333,16084.0616893365,4,2018-11-01
Alagoas,2660.968530251,1190.66235833333,10150.0085383196,12,2018-11-01
Ceará,5442.10735672034,106.717403333333,6113.33954738037,6,2018-11-01
Total Geral,2567392.58942658,112351.857694,3274064.42746887,306,2018-11-01
Rio De Janeiro,1936667.5534129,59558.9916293548,2311282.2945531323,40,2018-12-01
São Paulo,312297.03939735,19364.6473774193,434096.992118316,9,2018-12-01
Espírito Santo,329412.677029585,9392.93243677419,388492.437399732,47,2018-12-01
Amazonas,19725.9316884387,14656.1961741935,111910.620946843,7,2018-12-01
Bahia,29340.3173591885,6237.31289870967,68571.83054750627,89,2018-12-01
Rio Grande Do Norte,39840.5212306152,923.308922580645,45647.9589249522,81,2018-12-01
Sergipe,15792.2435819784,2251.39183258065,29953.0704444625,21,2018-12-01
Alagoas,2585.47863229962,1162.81484612903,9899.36307963048,11,2018-12-01
Ceará,5346.65846872162,87.848135483871,5899.20654976943,6,2018-12-01
Maranhão,5.68088537801613,48.3954835483871,310.079281755497,4,2018-12-01
Total Geral,2691014.101686455,113683.83973677404,3406063.8538461,315,2018-12-01
Rio De Janeiro,1905466.28497814,60646.5980629032,2286921.86394017,38,2019-01-01
São Paulo,287563.2443927,18171.8460119355,401860.703157032,9,2019-01-01
Espírito Santo,326442.709675122,9007.2872716129,383096.835228985,46,2019-01-01
Amazonas,19449.0542522387,14943.4093103226,113440.259566399,7,2019-01-01
Bahia,28405.416177774,4725.19049870967,58125.89,89,2019-01-01
Rio Grande Do Norte,40433.5180713745,979.037724838709,46591.4793434422,82,2019-01-01
Sergipe,15630.3463032856,2039.59276580645,28458.9972775827,21,2019-01-01
Alagoas,2600.4089795124,1212.66483612903,10227.8403924451,11,2019-01-01
Maranhão,23.7276102589871,1406.78834774193,8872.15902776969,4,2019-01-01
Ceará,4911.24028455871,64.2418903225806,5315.30956872858,6,2019-01-01
Total Geral,2630925.95072496,113196.656720323,3342911.41413102,313,2019-01-01
Rio De Janeiro,1828754.28465815,58778.1477021429,2198457.66585656,38,2019-02-01
São Paulo,303734.36490923,18318.3049192857,418953.022373603,9,2019-02-01
Espírito Santo,245518.753522143,6567.91469857143,286829.689072364,46,2019-02-01
Amazonas,19877.607920375,15702.2330667857,118641.670486174,7,2019-02-01
Bahia,28567.6253632897,6758.64357785714,71078.2093257314,90,2019-02-01
Rio Grande Do Norte,41039.861681274,984.716962499999,47233.5442791762,84,2019-02-01
Sergipe,14800.8881889526,1766.6210075,25912.5986681361,21,2019-02-01
Alagoas,2462.918513168,1090.06365392857,9319.21178428447,12,2019-02-01
Ceará,4660.46886418285,61.5846271428571,5047.82446783227,6,2019-02-01
Maranhão,7.23161245398929,124.380514642858,789.561417259781,4,2019-02-01
Total Geral,2489424.00523322,110152.610730357,3182262.99773113,317,2019-02-01
Rio De Janeiro,1852222.8171202,60180.7507903226,2230748.30524867,38,2019-03-01
São Paulo,309808.185478449,18776.7864777419,427910.604834015,9,2019-03-01
Espírito Santo,288669.933297005,7776.85743903226,337584.888985605,48,2019-03-01
Amazonas,20102.4762365161,15688.6314706452,118780.987346895,7,2019-03-01
Bahia,27959.2488320884,5078.63572225807,59902.9025843044,88,2019-03-01
Rio Grande Do Norte,39852.6090239948,964.740833548386,45920.6455662557,83,2019-03-01
Sergipe,14324.5428478542,1857.00426451613,26004.7468408504,20,2019-03-01
Alagoas,2491.51788358866,1084.43157580645,9312.38645341183,12,2019-03-01
Ceará,4660.41138633387,71.2810922580645,5108.75591322957,6,2019-03-01
Maranhão,3.78215405669355,12.1958761290322,80.4918976918419,4,2019-03-01
Total Geral,2560095.52426008,111491.315542258,3261354.71567093,315,2019-03-01
Rio De Janeiro,1931468.42481949,63286.9038383333,2329531.02545088,38,2019-04-01
São Paulo,293172.364239225,18038.9699466667,406634.057799469,9,2019-04-01
Espírito Santo,271334.37175082,7368.57520533334,317681.309763078,46,2019-04-01
Amazonas,19071.6956133767,15311.3652846667,115377.274094526,7,2019-04-01
Bahia,27475.9347211163,5107.150365,59598.940158397,86,2019-04-01
Rio Grande Do Norte,39520.277071324,882.196314666666,45069.1242732775,83,2019-04-01
Sergipe,14547.0960436675,1871.34618266667,26317.5079768661,21,2019-04-01
Alagoas,2360.06377245181,925.032373666666,8178.34164666414,12,2019-04-01
Ceará,4949.29696933434,70.5435443333333,5393.00245991758,6,2019-04-01
Maranhão,2.73047151570333,66.0472616666667,418.15519841932,5,2019-04-01
Total Geral,2603902.25547232,112928.130317,3314198.73882149,313,2019-04-01
Rio De Janeiro,2041812.92193221,66711.1170887097,2461413.17330794,36,2019-05-01
São Paulo,306970.552169599,18994.6557058064,426443.327574537,9,2019-05-01
Espírito Santo,275948.036800609,7138.56239451613,320848.237935261,43,2019-05-01
Amazonas,18734.8422687968,15404.5081070968,115626.271405895,7,2019-05-01
Bahia,27527.4272789638,5847.49207322581,64307.0413960602,86,2019-05-01
Rio Grande Do Norte,38772.5157291066,957.233444193547,44793.3322187297,82,2019-05-01
Sergipe,13893.0616160591,1862.88385677419,25610.2471272359,19,2019-05-01
Alagoas,2196.41053280593,879.289100322581,7726.9719089059,11,2019-05-01
Ceará,5084.34011659774,71.9867174193548,5537.12289168918,6,2019-05-01
Maranhão,1.51972968940323,71.4990387096774,451.235098355919,4,2019-05-01
Total Geral,2730941.62817443,117939.227526774,3472756.96086461,303,2019-05-01
Rio De Janeiro,1860338.40736166,59842.3218093333,2236735.24150123,38,2019-06-01
São Paulo,302293.016351958,18740.212472,420165.392160469,9,2019-06-01
Espírito Santo,289162.598359075,7397.799561,335693.352015849,43,2019-06-01
Amazonas,18553.0420739833,15651.0376823333,116995.0953987,7,2019-06-01
Bahia,26945.9027665742,3462.49844,48724.3600794706,80,2019-06-01
Rio Grande Do Norte,38347.3379784502,991.045168333334,44580.8237886849,82,2019-06-01
Sergipe,14290.366399418,1978.78783566667,26736.5659160725,22,2019-06-01
Maranhão,57.6827111509933,2195.00870333333,13863.870403464,6,2019-06-01
Alagoas,2297.49578474324,818.582841,7446.22632389345,11,2019-06-01
Ceará,5146.27327182167,74.8690863333333,5617.18559973193,6,2019-06-01
Total Geral,2557432.12305884,111152.163599333,3256558.11318756,304,2019-06-01
Rio De Janeiro,2123783.01260733,70369.4265451614,2566393.33538535,37,2019-07-01
São Paulo,284957.77972275,18300.0300135484,400061.491502267,9,2019-07-01
Espírito Santo,259326.380461581,6537.3872016129,300445.303856158,41,2019-07-01
Amazonas,18750.9827328452,15365.7359719355,115398.542506485,7,2019-07-01
Bahia,27549.7788451704,4325.44342580645,54755.9961592421,81,2019-07-01
Rio Grande Do Norte,37954.308146834,970.086111612904,44055.9654725179,81,2019-07-01
Maranhão,85.5156014023774,5497.63409677419,34664.5895196336,5,2019-07-01
Sergipe,14576.7838327717,1889.66312225806,26462.4058357817,22,2019-07-01
Alagoas,2352.95307102993,809.204215806453,7442.69383965151,11,2019-07-01
Ceará,5364.59010834033,92.0761316129032,5943.73148172049,6,2019-07-01
Total Geral,2774702.08513006,124156.686836129,3555624.05555881,300,2019-07-01
Rio De Janeiro,2284258.55977223,76412.1919841936,2764876.72903633,39,2019-08-01
São Paulo,301014.639397488,18611.2767596774,418076.034073274,9,2019-08-01
Espírito Santo,297285.88116309,7037.25140580645,341548.855427845,40,2019-08-01
Amazonas,18584.2114641516,15410.8748803226,115515.686395153,7,2019-08-01
Bahia,28789.2580193566,6627.07376354839,70472.2928480608,82,2019-08-01
Rio Grande Do Norte,37363.3664933764,938.995300645162,43269.4685253273,81,2019-08-01
Maranhão,93.9451134606838,6254.19415032258,39431.6380221011,5,2019-08-01
Sergipe,13749.9501392699,1189.55367225807,21232.0167225754,22,2019-08-01
Alagoas,2773.86940635873,748.986375161291,7484.85139871197,11,2019-08-01
Ceará,5516.53183112774,92.4051332258064,6097.74256214275,6,2019-08-01
Total Geral,2989430.21279991,133322.803425161,3828005.31501152,302,2019-08-01
Rio De Janeiro,2212785.73465126,69821.2228353333,2651947.96025316,37,2019-09-01
São Paulo,300877.655766874,18998.9652726667,420377.537528546,9,2019-09-01
Espírito Santo,305666.441575747,7462.368425,352603.321118996,38,2019-09-01
Amazonas,18305.9594677533,14963.3415143333,112422.534558022,7,2019-09-01
Bahia,29811.5814259889,6755.57102,72302.8395832951,83,2019-09-01
Maranhão,95.65972432362668,7251.87006,45708.54454641227,6,2019-09-01
Rio Grande Do Norte,35199.1653928028,776.599111666667,40083.8262513549,81,2019-09-01
Sergipe,16086.4064906691,2054.582613,29009.3407557426,22,2019-09-01
Alagoas,3025.28982563945,688.345415666666,7354.8517045538,11,2019-09-01
Ceará,5420.77106323833,83.48266,5945.86113293293,6,2019-09-01
Total Geral,2927274.66538429,128856.348927667,3737756.61743302,300,2019-09-01
Rio De Janeiro,2249161.70405048,73312.3084693549,2710282.19498412,39,2019-10-01
São Paulo,305990.299057812,18658.1892716129,423346.764520295,9,2019-10-01
Espírito Santo,302078.744115066,6867.7354083871,345275.494964093,37,2019-10-01
Amazonas,17799.9228814258,14990.4738806452,112087.155400647,7,2019-10-01
Bahia,28669.6974619186,6675.77687741936,70659.0656232797,86,2019-10-01
Maranhão,98.7885816511839,7540.88807129032,47529.5417813338,6,2019-10-01
Rio Grande Do Norte,36651.0605556961,866.134041612903,42098.8791119734,80,2019-10-01
Sergipe,15222.4939398483,1956.53616387097,27528.7346687255,20,2019-10-01
Alagoas,3015.82849770938,644.947843548387,7072.42789353846,11,2019-10-01
Ceará,5206.4975600642,81.6706429032258,5720.19038650333,6,2019-10-01
Total Geral,2963895.03670167,131594.660670645,3791600.4493345,301,2019-10-01
Rio De Janeiro,2415644.195535,79787.340414,2917491.40714438,39,2019-11-01
Espírito Santo,316854.778483979,7725.07239533333,365444.016086871,39,2019-11-01
São Paulo,251983.432663416,16682.596276,356913.793546163,9,2019-11-01
Amazonas,17594.0305500767,14883.390179,111207.726931853,7,2019-11-01
Bahia,28039.841036559,6599.04042233333,69546.5514753554,84,2019-11-01
Maranhão,89.5694837051167,7928.24470333333,49956.7223011781,5,2019-11-01
Rio Grande Do Norte,36963.8445354225,857.254708333333,42355.8137724446,82,2019-11-01
Sergipe,14687.0925359476,1376.054593,23342.2144755449,20,2019-11-01
Alagoas,3504.729427178,674.397712,7746.56290009271,10,2019-11-01
Ceará,5106.36820125766,83.4629326666667,5631.33418977379,6,2019-11-01
Total Geral,3090467.88245254,136596.854336,3949636.14282366,301,2019-11-01
Rio De Janeiro,2448356.24871031,81344.12529,2959995.34140061,37,2019-12-01
São Paulo,284537.603716319,17759.912136129,396244.076669264,9,2019-12-01
Espírito Santo,270361.17984966,6897.91674290323,313747.76555834,37,2019-12-01
Amazonas,17293.9746229677,14878.3956909677,110876.256623974,7,2019-12-01
Bahia,27711.1287196699,6584.07886903226,69123.7338308977,86,2019-12-01
Maranhão,82.8248531479129,7230.04859838709,45558.456827769,5,2019-12-01
Rio Grande Do Norte,35436.619855129,840.530617741935,40723.3977399084,83,2019-12-01
Sergipe,14915.5614277171,1383.43355225806,23617.0956190454,21,2019-12-01
Alagoas,2972.60918219945,775.292893225807,7849.05417494006,10,2019-12-01
Ceará,4935.84886183806,87.1132267741935,5483.77450673465,6,2019-12-01
Total Geral,3106603.59979896,137780.847617419,3973218.95295148,301,2019-12-01
Rio De Janeiro,2473992.67333489,80756.7002206451,2981936.97394971,39,2020-01-01
São Paulo,302652.820478944,18505.8965406451,419051.393599259,9,2020-01-01
Espírito Santo,291119.691496653,7605.50109709677,338956.848352183,39,2020-01-01
Amazonas,17055.8160397452,15213.3708564516,112745.028186363,7,2020-01-01
Bahia,27210.458863677,5548.80853,62111.4102437563,85,2020-01-01
Maranhão,88.1588270988354,7940.94821451613,50035.2143162445,5,2020-01-01
Rio Grande Do Norte,35603.0033326884,878.389414516129,41127.9058560061,81,2020-01-01
Sergipe,14827.5903189832,1436.91359387097,23865.5038108488,21,2020-01-01
Alagoas,2636.76772128632,817.398566451613,7778.04939853934,10,2020-01-01
Ceará,3219.1119754829,48.9458983870968,3526.97237661705,6,2020-01-01
Total Geral,3168406.09238945,138752.872932581,4041135.30008952,302,2020-01-01
Rio De Janeiro,2287176.70885752,76915.6349275862,2770961.4385814,40,2020-02-01
São Paulo,299847.99031215,18413.6911248276,415666.608886002,9,2020-02-01
Espírito Santo,282145.69505044,7205.12790517241,327464.580599672,39,2020-02-01
Amazonas,16239.3220906,13628.9268093103,101962.682225068,7,2020-02-01
Bahia,26836.7830532332,4428.51108172414,54691.2763401725,81,2020-02-01
Rio Grande Do Norte,35275.5139228994,760.400270344827,40058.287147317,83,2020-02-01
Maranhão,70.4728140758,5081.30563241379,32030.9197938884,5,2020-02-01
Sergipe,16166.9816605921,1584.1456013793133,26130.956505603703,22,2020-02-01
Alagoas,2849.4351044989,836.480847586207,8110.7407044551,10,2020-02-01
Ceará,5068.3028712,81.0106972413793,5577.8447648158,6,2020-02-01
Total Geral,2971677.20573721,128935.234897586,3782655.3355484,302,2020-02-01
Rio De Janeiro,2303726.27486002,77619.2437687097,2791936.57050889,41,2020-03-01
São Paulo,289654.240655971,17356.4772148387,398823.184606636,9,2020-03-01
Espírito Santo,275417.747758605,6992.89782225807,319401.746410022,39,2020-03-01
Amazonas,16276.4111901387,13986.4047683871,104248.239766388,8,2020-03-01
Rio Grande Do Norte,34880.0441530879,739.79472580645,39533.2124174125,81,2020-03-01
Bahia,26546.6932706228,1718.94992483871,37358.5616973725,78,2020-03-01
Sergipe,19754.7569624579,1776.75839354839,30930.2296737825,22,2020-03-01
Alagoas,2764.84538551716,855.908518387097,8148.34734355351,10,2020-03-01
Ceará,4346.67140269484,67.9988748387097,4774.3714056441,6,2020-03-01
Maranhão,17.863184167229,634.905088709677,4011.29556018424,4,2020-03-01
Total Geral,2973385.54882328,121749.339100323,3739165.75938988,298,2020-03-01
Rio De Janeiro,2394861.53874406,84389.683857,2925656.61616466,37,2020-04-01
São Paulo,257665.123044794,17408.7356323333,367162.7625124,8,2020-04-01
Espírito Santo,214642.772110363,4368.10799466667,242117.341456298,39,2020-04-01
Amazonas,16741.6292090667,14238.3582616667,106298.19738688,8,2020-04-01
Rio Grande Do Norte,32991.5801609051,606.735821,36807.8331951891,74,2020-04-01
Bahia,25473.8472430668,1675.29620566667,36011.1420704311,75,2020-04-01
Sergipe,12607.1119523177,386.492981,15038.0793691413,13,2020-04-01
Alagoas,2592.95979818755,872.824222666667,8082.85832215857,11,2020-04-01
Ceará,782.003271565998,0.988347333333333,788.219788506671,2,2020-04-01
Maranhão,5.71971420122,58.5799213333333,374.176289202833,5,2020-04-01
Total Geral,2958364.28524853,124005.803244667,3738337.22655487,272,2020-04-01
Rio De Janeiro,2163351.30653741,74696.771313871,2633179.80571511,36,2020-05-01
São Paulo,275587.531253829,17475.6324335483,385505.938890686,8,2020-05-01
Espírito Santo,236285.529766527,5331.85712161291,269821.898008619,37,2020-05-01
Amazonas,15817.8231720097,12697.5085583871,95682.7394776384,7,2020-05-01
Bahia,25378.5584353316,2443.20743096774,40745.8689667068,79,2020-05-01
Rio Grande Do Norte,33952.2066961275,647.915900967741,38027.4746091935,74,2020-05-01
Sergipe,11623.2548399316,75.8358506451613,12100.247931678,11,2020-05-01
Alagoas,2657.58516022553,872.393025806452,8144.77153787321,11,2020-05-01
Maranhão,3.41556566915484,125.026470322581,789.808308968826,5,2020-05-01
Ceará,777.712484922259,0.984101935483871,783.902299117085,2,2020-05-01
Total Geral,2765434.92391198,114367.132208064,3484782.45574559,270,2020-05-01
Rio De Janeiro,2401674.61243114,83480.2395076667,2926749.45768886,40,2020-06-01
São Paulo,282075.28190931,17260.6328416667,390641.382963153,8,2020-06-01
Espírito Santo,239840.037408311,6355.01178433334,279811.854079529,35,2020-06-01
Amazonas,15323.74459661,13062.7658716667,97486.0600038777,7,2020-06-01
Bahia,25143.0950976453,4423.54094133334,52966.3271458531,77,2020-06-01
Rio Grande Do Norte,34404.8703124593,624.131354333333,38330.5379462587,74,2020-06-01
Maranhão,12.9436448503533,2234.57512333333,14067.9966013436,6,2020-06-01
Sergipe,11255.8560855139,71.071205,11702.880461435,13,2020-06-01
Alagoas,2648.19685928907,959.606021666667,8683.93641042828,11,2020-06-01
Ceará,767.247796626667,0.976347666666667,773.388837943943,2,2020-06-01
Total Geral,3013145.88614176,128472.550998667,3821213.82213868,273,2020-06-01
Rio De Janeiro,2480232.09416554,85786.4434270967,3019812.52389773,40,2020-07-01
São Paulo,276418.033732635,16992.3690664516,383296.806610493,8,2020-07-01
Espírito Santo,233304.279470887,6141.82374935484,271935.183907817,37,2020-07-01
Amazonas,15283.0067146226,13252.2335054839,98637.0375397501,7,2020-07-01
Bahia,24909.4068294224,4300.10419129032,51956.2451728422,74,2020-07-01
Rio Grande Do Norte,34380.4455389836,631.204117096774,38350.5995067401,73,2020-07-01
Maranhão,100.36507180341,2188.96189290322,13868.519475405,6,2020-07-01
Sergipe,10496.6689677722,70.9320164516129,10942.8178741697,12,2020-07-01
Alagoas,2426.42452018937,967.228889677419,8510.1104627713,11,2020-07-01
Ceará,754.197117200325,0.953665806451613,760.195493926403,2,2020-07-01
Total Geral,3078304.92212906,130332.254521613,3898070.03994164,270,2020-07-01
Rio de Janeiro,2468653.36207439,87237.3731300001,3017359.86396119,39,2020-08-01
São Paulo,293036.502933632,17779.3683116129,404865.351533698,8,2020-08-01
Espírito Santo,236636.149831972,6355.74377612903,276612.570592507,40,2020-08-01
Amazonas,15323.6875825258,13819.5438903226,102245.992939316,7,2020-08-01
Bahia,24210.1025092979,4512.90255,52595.4020973134,72,2020-08-01
Rio Grande do Norte,35079.7832417675,651.377113548386,39176.8215243353,72,2020-08-01
Maranhão,77.8442366648484,2185.96439129032,13827.1449246466,6,2020-08-01
Sergipe,10783.051157021,68.2584019354838,11212.3835360988,12,2020-08-01
Alagoas,2464.83177192145,904.719589032259,8155.34609021244,11,2020-08-01
Ceará,705.896854621935,0.896266129032258,711.534198282983,2,2020-08-01
Total Geral,3086971.21219381,133516.14742,3926762.4113976,269,2020-08-01
Rio De Janeiro,2389417.56827224,84793.3341696667,2922751.52946595,37,2020-09-01
Espírito Santo,237269.512911624,6108.14929,275688.611397359,40,2020-09-01
São Paulo,192429.173830863,12592.5171446667,271633.714092559,8,2020-09-01
Amazonas,14932.0990939433,12508.7172016667,93609.5536361583,7,2020-09-01
Bahia,24408.7918414034,5542.060588,59267.2999484117,76,2020-09-01
Rio Grande Do Norte,34950.8134484031,623.609323999999,38873.1976105915,74,2020-09-01
Maranhão,55.92202141052,2158.00115066667,13629.3392388852,7,2020-09-01
Sergipe,10559.8605187224,63.011838,10956.1930074932,12,2020-09-01
Alagoas,2347.66975006869,865.559239333333,7791.87290921988,10,2020-09-01
Ceará,750.286904641,0.956763666666667,756.304766319237,2,2020-09-01
Total Geral,2907121.69859332,125255.916709667,3694957.61607295,273,2020-09-01
Rio de Janeiro,2148248.38604634,75138.1135416667,2620852.84398185,36,2020-11-01
São Paulo,262203.439027507,16738.3867053333,367484.711110579,8,2020-11-01
Espírito Santo,259319.486677446,6917.57701033334,302829.73173281,39,2020-11-01
Amazonas,15232.7960406133,13339.279357,99134.3287330655,6,2020-11-01
Bahia,21938.9855355157,5483.36002066666,56428.2782271051,78,2020-11-01
Maranhão,132.739548514843,7405.86716533333,46714.2369037001,6,2020-11-01
Rio Grande do Norte,35032.3760501035,634.165302,39021.1553082761,74,2020-11-01
Sergipe,9387.66193566299,62.621426,9781.53880713205,11,2020-11-01
Alagoas,2365.31349947021,677.589796333334,6627.22457634558,11,2020-11-01
Ceará,721.207226068002,0.921393333333333,727.002615069935,2,2020-11-01
Total Geral,2754582.39158724,126397.881718,3549601.05199593,271,2020-11-01
Rio De Janeiro,2178632.85359003,77709.1053822581,2667408.36171441,38,2020-12-01
São Paulo,263396.844929938,16478.3159529032,367042.321393669,8,2020-12-01
Espírito Santo,198321.131851416,5312.98080516129,231738.771649528,39,2020-12-01
Amazonas,15493.2628890968,13146.6998477419,98183.5070584225,6,2020-12-01
Bahia,22782.3192752138,5580.34612806451,57881.6361549753,77,2020-12-01
Maranhão,111.326772092994,7358.39355548387,46394.224141311,6,2020-12-01
Rio Grande Do Norte,35522.0681717961,629.064982258064,39478.7673878527,70,2020-12-01
Sergipe,9084.19945293629,53.9174138709677,9423.32974187604,11,2020-12-01
Alagoas,2271.32325134745,707.517614516128,6721.47461830714,11,2020-12-01
Ceará,740.250782356453,0.947791612903226,746.212211521208,2,2020-12-01
Total Geral,2726355.58096622,126977.289473871,3525018.60607187,268,2020-12-01
Rio De Janeiro,2300765.70605821,80775.9650432258,2808831.17874674,36,2020-10-01
São Paulo,225043.812547009,14830.6610770968,318325.852896343,8,2020-10-01
Espírito Santo,260705.382274796,6852.94204580645,303809.08568393,40,2020-10-01
Amazonas,15679.7618425097,13608.8922370968,101277.108324323,7,2020-10-01
Bahia,23760.0915966622,5601.26286806452,58990.9707968431,74,2020-10-01
Maranhão,120.449285272245,6898.70234419355,43511.9762768043,6,2020-10-01
Rio Grande Do Norte,34081.8331936073,605.113235806452,37887.8804753151,74,2020-10-01
Sergipe,10159.1243196437,65.1029438709677,10568.6094670328,11,2020-10-01
Alagoas,2476.07242325557,809.964357096774,7570.59433616643,10,2020-10-01
Ceará,749.464948212257,0.957519677419355,755.487565054486,2,2020-10-01
Total Geral,2873541.69848918,130049.563671936,3691528.74456855,268,2020-10-01
Rio de Janeiro,2291858.85809525,83567.6010716129,2817483.19099149,37,2021-01-01
São Paulo,291861.929635783,17995.3718019354,405049.399149314,8,2021-01-01
Espírito Santo,201865.805467854,5917.93232870968,239088.475408295,39,2021-01-01
Amazonas,15620.9845825452,13774.1081674194,102257.507875061,6,2021-01-01
Bahia,24435.7310382522,5547.20711129032,59326.6097989172,72,2021-01-01
Maranhão,103.039669448971,8232.48520806451,51883.8074559852,6,2021-01-01
Rio Grande do Norte,35628.6611111449,652.366184193548,39731.9204601473,69,2021-01-01
Sergipe,8822.8846765194,57.0347064516129,9181.62214350582,11,2021-01-01
Alagoas,2125.93444942822,652.592954193549,6230.62013864434,10,2021-01-01
Ceará,690.560471768064,0.881657096774193,696.105927391925,2,2021-01-01
Total Geral,2873014.38919799,136397.581190968,3730929.25934875,260,2021-01-01
Rio de Janeiro,2265790.40344484,82463.3214748387,2784469.02749049,37,2021-03-01
São Paulo,271263.595552269,16824.9341577419,377089.234666976,9,2021-03-01
Espírito Santo,220824.843398191,5883.42386193548,257830.461639232,35,2021-03-01
Amazonas,15529.3339349613,13735.3069406452,101921.804883301,6,2021-03-01
Bahia,24052.8870405337,5828.91738516129,60715.6698988951,75,2021-03-01
Rio Grande do Norte,35241.8997954107,649.226498709676,39325.4111192599,69,2021-03-01
Sergipe,8595.59864060209,59.5894458064516,8970.40493272996,10,2021-03-01
Alagoas,2277.81455642529,622.088667419355,6190.63407764622,11,2021-03-01
Ceará,698.783688203225,0.882045806451613,704.331588737102,2,2021-03-01
Maranhão,43.2674487882065,18.6141370967742,160.346834440868,4,2021-03-01
Total Geral,2844318.42750022,126086.304615161,3637377.32713171,258,2021-03-01
Rio De Janeiro,2360168.57072495,86856.451283,2906479.14656927,36,2021-04-01
São Paulo,285490.395044016,17224.3579286667,393828.333787323,8,2021-04-01
Espírito Santo,248144.172252639,6065.49692766667,286294.995483246,35,2021-04-01
Amazonas,15228.85023314,13642.741353,101039.101222653,6,2021-04-01
Bahia,23183.1349848629,5194.98733466667,55858.6182723227,78,2021-04-01
Rio Grande Do Norte,33081.9530273653,638.607675333334,37098.6739697536,70,2021-04-01
Maranhão,48.8858394932833,1187.97485733333,7521.02197689706,7,2021-04-01
Sergipe,5993.1896049872,52.4149393333333,6322.86961455539,11,2021-04-01
Alagoas,2080.5869401833,567.883570333333,5652.4666997016,11,2021-04-01
Ceará,703.525102535667,0.885506333333333,709.09476912613,2,2021-04-01
Total Geral,2974123.26375417,131431.801375667,3800804.32236485,264,2021-04-01
Rio de Janeiro,2342878.0078195,84712.9122919354,2875706.13068244,37,2021-05-01
São Paulo,282475.554765611,17529.6794912903,392733.908126724,7,2021-05-01
Espírito Santo,224220.611159942,5758.72801774194,260441.916233215,37,2021-05-01
Amazonas,14864.8459430258,13558.4520406452,100144.933172796,7,2021-05-01
Bahia,22286.9127849821,5903.52865870968,59418.9863778208,77,2021-05-01
Maranhão,74.238499604829,5849.91343677419,36869.0825333615,6,2021-05-01
Rio Grande do Norte,32807.0006692833,639.175486451613,36827.2930357215,68,2021-05-01
Sergipe,9490.9172056636,51.7612264516129,9816.48548541122,11,2021-05-01
Alagoas,1957.86804189962,549.062177419355,5411.36481605366,11,2021-05-01
Ceará,694.58432699129,0.893300967741935,700.203020351203,2,2021-05-01
Total Geral,2931750.54121651,134554.106128387,3778070.3034839,263,2021-05-01
Rio de Janeiro,2351126.89607265,86132.572348,2892884.41095283,37,2021-06-01
São Paulo,286948.132601285,17633.2974083333,397858.222973194,7,2021-06-01
Espírito Santo,184941.67950796,4317.31685133333,212096.782212645,38,2021-06-01
Amazonas,14652.5793085623,13332.9588643333,98514.3573030348,7,2021-06-01
Bahia,22680.2701873331,5875.59612933333,59636.6534775752,78,2021-06-01
Maranhão,98.8195424631367,7263.99948933333,45787.9961704668,6,2021-06-01
Rio Grande do Norte,32999.5167186408,696.260343666667,37378.8619908388,69,2021-06-01
Sergipe,7695.49173530284,50.07009,8010.42308808574,17,2021-06-01
Alagoas,1603.1223033425,447.083569666667,4415.1930106676,10,2021-06-01
Ceará,690.501212289331,0.874707,696.002953125001,2,2021-06-01
Total Geral,2903437.00918983,135750.029801,3757278.90413246,271,2021-06-01
Rio De Janeiro,2444263.94755757,88038.4926912903,2998009.33927217,38,2021-07-01
São Paulo,288905.900167527,17594.4536096774,399571.670426212,7,2021-07-01
Espírito Santo,232123.608303692,5806.95351709677,268648.242605062,40,2021-07-01
Amazonas,14363.6036778014,13579.6250696774,99776.8652373091,7,2021-07-01
Bahia,21724.4260250095,5448.96257645161,55997.3653280006,73,2021-07-01
Maranhão,102.064874695171,7434.3795616129,46862.8997851236,7,2021-07-01
Rio Grande Do Norte,32963.0084742377,692.257888064516,37317.1790611648,69,2021-07-01
Sergipe,8253.30688620129,52.0870841935484,8580.92474923271,16,2021-07-01
Alagoas,1839.24711511966,529.889854838709,5172.15362298272,11,2021-07-01
Ceará,720.445793843228,0.919699677419355,726.230530071257,2,2021-07-01
Total Geral,3045259.55887569,139178.021552581,3920662.87061733,270,2021-07-01
Rio De Janeiro,2404306.04342956,85405.1899064516,2941488.46095506,37,2021-08-01
São Paulo,288387.376998311,17222.9471003226,396716.441899391,7,2021-08-01
Espírito Santo,226332.938800499,5911.62697709677,263515.949277312,37,2021-08-01
Amazonas,13861.6076539203,13402.412216129,98160.2340350509,7,2021-08-01
Bahia,21899.1242905217,5329.16564903226,55418.5636814613,73,2021-08-01
Maranhão,99.8182823883419,7992.01965774193,50368.1034458501,7,2021-08-01
Rio Grande Do Norte,32633.1600477701,682.242645483871,36924.336661761,69,2021-08-01
Sergipe,7508.40168705323,45.4632883870968,7794.35713298328,17,2021-08-01
Alagoas,1396.82789967652,602.433631612903,5186.02098013167,11,2021-08-01
Ceará,707.404380050968,0.899183225806452,713.060071696478,2,2021-08-01
Total Geral,2997132.70346975,136594.400255484,3856285.5281407,267,2021-08-01
Rio De Janeiro,2456092.18236032,88472.2820446666,3012566.02668769,38,2021-09-01
São Paulo,280866.37577285,12594.3976596667,360082.744116598,6,2021-09-01
Espírito Santo,185910.766355629,4943.596015,217005.046006736,35,2021-09-01
Amazonas,13448.9702802601,13013.547029,95301.7085187345,7,2021-09-01
Bahia,21781.24722102,4971.88389633333,53053.4522710164,76,2021-09-01
Maranhão,76.56931023569,8076.942057,50879.0002297749,6,2021-09-01
Rio Grande Do Norte,32975.3584096517,664.852320333334,37157.1531826076,69,2021-09-01
Sergipe,7332.85377966809,40.3869053333333,7586.87974070275,17,2021-09-01
Alagoas,1660.06142267227,594.168186333333,5397.26642275354,11,2021-09-01
Ceará,656.879871575669,0.829557333333333,662.097629586442,2,2021-09-01
Total Geral,3000801.26478388,133372.885671,3839691.3748062,267,2021-09-01
Rio De Janeiro,2247258.51833036,82174.0891854839,2764117.9262301,40,2021-10-01
São Paulo,268854.674820562,16244.3061441935,371028.274049372,7,2021-10-01
Espírito Santo,183332.765584835,4804.9237216129,213554.822858273,37,2021-10-01
Amazonas,13917.9507553859,13766.6559729032,100507.601160312,8,2021-10-01
Bahia,21725.2687256374,5555.60332709677,56668.9580884439,76,2021-10-01
Maranhão,84.3892080247807,7981.18104483871,50284.5015556617,7,2021-10-01
Rio Grande Do Norte,32430.6199748143,583.184148709678,36098.7374652099,70,2021-10-01
Sergipe,7380.23686228755,43.9806412903226,7656.86673968183,17,2021-10-01
Alagoas,1877.51978520745,548.594190967742,5328.07301349826,12,2021-10-01
Ceará,583.773092073548,0.741190322580645,588.435038376419,2,2021-10-01
Total Geral,2777445.71713918,131703.259567419,3605834.19619893,276,2021-10-01
Rio De Janeiro,2324354.24862215,88298.2571790323,2879733.5096094,41,2021-12-01
São Paulo,234758.001366053,15473.3319474194,332082.31938225,7,2021-12-01
Espírito Santo,201196.296616825,5047.32839193549,232943.033209705,37,2021-12-01
Amazonas,13996.0133864277,13917.2959867742,101533.160857,8,2021-12-01
Bahia,20685.8731817199,4753.9469703225795,50587.2963751246,83,2021-12-01
Rio Grande Do Norte,33398.2125025439,774.776002903226,38271.4063533647,70,2021-12-01
Maranhão,47.0268337327,3432.35879709677,21635.9115193,6,2021-12-01
Sergipe,7545.20724475572,43.3377270967742,7817.79331402628,17,2021-12-01
Alagoas,1805.89406253176,497.173261935483,4933.01941718618,12,2021-12-01
Ceará,585.421428087742,0.74564935483871,590.1114208563,2,2021-12-01
Total Geral,2838372.19524483,132238.551913871,3670127.56145821,283,2021-12-01
Rio De Janeiro,2348267.0493041,87148.9802513333,2896417.57677874,40,2021-11-01
São Paulo,227427.266789343,15832.323007,327009.570362002,7,2021-11-01
Espírito Santo,198609.911183159,5182.84055633333,231208.99354279,38,2021-11-01
Amazonas,14205.2142660487,14080.8025033333,102770.78665954,8,2021-11-01
Bahia,20483.1652423245,5624.19930766666,55858.3102896794,79,2021-11-01
Maranhão,76.5001873203933,7542.803919,47519.3037050858,7,2021-11-01
Rio Grande Do Norte,32811.2303505581,735.284329999999,37436.0290822354,70,2021-11-01
Sergipe,7775.00111029626,40.3452863333333,8028.76529572852,17,2021-11-01
Alagoas,1415.33882443879,396.601739666666,3909.88841261158,12,2021-11-01
Ceará,609.947196298667,0.77619,614.829283922567,2,2021-11-01
Total Geral,2851680.62445389,136584.957090667,3710774.05341234,280,2021-11-01
Rio de Janeiro,2258948.9093634,83234.7708878572,2782479.80364155,37,2021-02-01
São Paulo,252950.902110404,16902.4471996429,359264.08353119,8,2021-02-01
Espírito Santo,220164.550775033,6035.28310357143,258125.334792707,38,2021-02-01
Amazonas,15527.6472079179,13104.6930067857,97953.6763289287,6,2021-02-01
Bahia,24103.9597232451,5123.01182285714,56326.7307167702,75,2021-02-01
Rio Grande do Norte,35113.4044736655,641.121475357143,39145.9367405817,69,2021-02-01
Maranhão,130.626295605168,5350.10699642857,33781.7827828115,7,2021-02-01
Sergipe,9041.09953932435,64.3033539285714,9445.55541789782,9,2021-02-01
Alagoas,2149.17206624195,630.022270714285,6111.89244480337,11,2021-02-01
Ceará,781.996128138926,0.9962125,788.262115483551,2,2021-02-01
Total Geral,2818912.26768297,131086.756329643,3643423.05851272,262,2021-02-01
Rio de Janeiro,2501972.17550377,93643.3744073334,3090971.20828476,42,2022-04-01
São Paulo,277676.631587451,17836.5660786667,389865.243274709,7,2022-04-01
Espírito Santo,143193,3664.25344433333,166244,40,2022-04-01
Amazonas,14136.512139041,14611.4484616667,106039.746787717,8,2022-04-01
Bahia,19640.5907021039,5254.65933033334,52691.3995046278,80,2022-04-01
Rio Grande do Norte,32330.7052431268,874.830355000001,37833.2219583093,73,2022-04-01
Alagoas,2881.40277557709,838.108035666666,8152.94307939364,12,2022-04-01
Sergipe,6505.34932439318,44.9358886666667,6787.98752628767,17,2022-04-01
Ceará,614.071005395,0.790870333333333,619.045429526303,2,2022-04-01
Maranhão,21.79403440475,73.3603106666667,483.216450039057,5,2022-04-01
Total Geral,2998972.91374787,136842.720342667,3859687.62458638,286,2022-04-01
Rio De Janeiro,2413852.49283997,93041.2749785714,2999064.43461293,42,2022-02-01
São Paulo,257807.81476304,16408.1588642857,361012.016469213,7,2022-02-01
Espírito Santo,165151.789792711,3913.6171875,189767.698314821,35,2022-02-01
Amazonas,13192.3883363241,13232.9542114286,96425.1560649096,8,2022-02-01
Bahia,21753.5726657838,5254.67405571429,54804.4740881561,81,2022-02-01
Rio Grande Do Norte,35007.2995190083,907.204551785714,40713.4437808756,69,2022-02-01
Sergipe,7416.95309918083,35.6617621428571,7641.25880732459,17,2022-02-01
Alagoas,1805.20855889332,405.795021785715,4357.58214487133,12,2022-02-01
Maranhão,18.2878472110714,20.1854610714286,145.250562112754,5,2022-02-01
Total Geral,2916554.96601586,133220.225518929,3754484.87268707,278,2022-02-01
Rio De Janeiro,2492416,94361,3085930,43,2022-01-01
São Paulo,270812.909156648,17470.2792458065,380697.646259714,7,2022-01-01
Espírito Santo,190134.097954074,4656.50842870968,219422.651234056,36,2022-01-01
Amazonas,13997.5324769913,14120.3733574194,102811.998024221,8,2022-01-01
Bahia,21160.6089296424,5481.88996290323,55640.6552372107,82,2022-01-01
Rio Grande Do Norte,34049.0187333918,859.965090967741,39458.0357622116,70,2022-01-01
Sergipe,7469.59309066094,37.2608890322581,7703.95700310492,17,2022-01-01
Alagoas,1885.53151591173,429.786212258064,4588.80513163462,12,2022-01-01
Ceará,533.96773883129,0.683212580645161,538.265016153158,2,2022-01-01
Maranhão,20.9672926479807,13.4160070967742,105.351428245342,5,2022-01-01
Total Geral,3032480.53147101,137431.315697419,3896897.3952578,282,2022-01-01
Rio de Janeiro,2369577,85640,2908235,45,2022-06-01
São Paulo,266659,16679,371568,7,2022-06-01
Espírito Santo,124502,3553,146851,43,2022-06-01
Amazonas,13362,13791,100105,8,2022-06-01
Bahia,19402,4838,49835,78,2022-06-01
Maranhão,74,6557,41316,6,2022-06-01
Rio Grande do Norte,31552,911,37282,70,2022-06-01
Alagoas,2392,927,8221,12,2022-06-01
Ceará,553,1,557,2,2022-06-01
Sergipe,478,6,514,7,2022-06-01
Total Geral,2828550,132903,3664484,278,2022-06-01
Rio De Janeiro,2234405.94984629,84694.5059061291,2767118.30003972,42,2022-05-01
Espírito Santo,305874,9377,364851,39,2022-05-01
São Paulo,269624.313756092,16819.0779506452,375413.11844084,7,2022-05-01
Amazonas,13286.7437713372,13783.0709558065,99979.6412998782,8,2022-05-01
Bahia,19249.6406470237,5193.75244709677,51917.3567262975,80,2022-05-01
Rio Grande Do Norte,30298.3227677929,890.556741290323,35899.7554647282,73,2022-05-01
Alagoas,2374.74636790373,864.907343225806,7814.84922439884,12,2022-05-01
Sergipe,3069.40598797866,29.2724293548387,3253.52400685902,16,2022-05-01
Ceará,589.435747147419,0.756376774193548,594.19321334551,2,2022-05-01
Maranhão,20.3020113283967,60.508165483871,400.886875670503,6,2022-05-01
Total Geral,2878792.74252886,131713.079675806,3707242.98820454,285,2022-05-01
Rio De Janeiro,2473137.58391981,92358.2076370967,3054053.1618977,42,2022-03-01
São Paulo,274595.434598216,17955.37745,387531.347237001,7,2022-03-01
Espírito Santo,152350,3368.54476096774,173541,38,2022-03-01
Amazonas,13820.0013723587,14073.4621896774,102339.404587614,8,2022-03-01
Bahia,20778.1919816173,5138.88474451613,53100.8006365223,84,2022-03-01
Rio Grande Do Norte,35054.1291905307,896.214541290323,40691.148374484,70,2022-03-01
Sergipe,7779.11672045618,50.360845483871,8095.87686998908,17,2022-03-01
Alagoas,3056.55144647048,569.282848064516,6637.23239705515,11,2022-03-01
Ceará,595.170024896452,0.762631290322581,599.966830812635,2,2022-03-01
Maranhão,17.4946256488807,30.6858841935484,210.503006908303,6,2022-03-01
Total Geral,2981183.50537511,134442.360100323,3826800.40635772,285,2022-03-01
Rio de Janeiro,2613515.3256408055,95489.75236258068,3214127.7249484886,45,2022-08-01
São Paulo,266221.86465787224,16676.51265967742,371113.9607498379,7,2022-08-01
Espírito Santo,138743.35476858306,3041.11809967742,157871.4098031151,31,2022-08-01
Amazonas,13540.8575715298,13589.036599354837,99013.31586451785,8,2022-08-01
Bahia,19655.575569998444,5087.613407419356,51655.69725611878,78,2022-08-01
Rio Grande do Norte,32003.243424329816,909.3553709677421,37722.91593019644,72,2022-08-01
Maranhão,43.58247493654194,4586.782263870969,28893.5714260548,7,2022-08-01
Alagoas,1741.0035982582192,552.400174516129,5215.495739931513,11,2022-08-01
Ceará,684.0164905459645,0.8777806451612904,689.5375640257065,2,2022-08-01
Sergipe,473.8155791540193,5.614698064516128,509.1309631871935,7,2022-08-01
Paraná,0,23.761612903225807,149.45603045483873,1,2022-08-01
Total,3086622.6397760143,139962.82502967748,3966962.2162759285,269,2022-08-01
Rio de Janeiro,2659997.424930669,98887.62006774193,3281981.766508953,48,2022-12-01
São Paulo,223261.79512671157,13836.66582516129,310291.79420046933,7,2022-12-01
Espírito Santo,119316.71917656291,3112.0751029032263,138891.08027955465,31,2022-12-01
Amazonas,12881.867610050776,13917.597381612904,100420.91079689344,9,2022-12-01
Bahia,18467.92174182577,4598.298719999998,47390.347013868944,77,2022-12-01
Rio Grande do Norte,32507.56925267501,1024.6973364516127,38952.72080646173,68,2022-12-01
Maranhão,88.43644308046774,3851.3652435483864,24312.792065603546,7,2022-12-01
Alagoas,2327.989975711322,849.5511287096775,7671.505160580739,7,2022-12-01
Sergipe,4272.714883388194,37.707532903225804,4509.888100918233,15,2022-12-01
Ceará,642.9054219574193,0.8223135483870968,648.0776179372,2,2022-12-01
Paraná,0,26.903225806451612,169.21617870967742,1,2022-12-01
Total,3073765.344562633,140143.30387838712,3955240.0987299504,272,2022-12-01
Rio de Janeiro,2543828.08200422,93766.74119032257,3133603.0684105265,47,2022-07-01
São Paulo,263686.44506105495,16108.741707419353,365007.36973979825,7,2022-07-01
Amazonas,13169.66435322096,13677.649510322579,99199.48101974305,8,2022-07-01
Espírito Santo,85436.00489566058,1650.0325280645166,95814.39599100605,32,2022-07-01
Bahia,19921.982260071858,5251.379440645161,52952.16117963624,78,2022-07-01
Rio Grande do Norte,32455.7255972275,900.304866129032,38118.47214725458,71,2022-07-01
Maranhão,42.9580692660742,3361.500372258064,21186.156725698573,7,2022-07-01
Alagoas,2896.8533734675743,895.0474970967741,8526.532071181833,9,2022-07-01
Ceará,617.4077496,0.7854103225806451,622.347831301071,2,2022-07-01
Sergipe,470.9930776407936,5.669839354838709,506.6552899132517,8,2022-07-01
Paraná,0,11.855161290322581,74.56671203548386,1,2022-07-01
Total,2962526.116441433,135629.70752322578,3815611.2071180954,270,2022-07-01
Rio de Janeiro,2722209.7217109073,102014.8883316666,3363863.9864883064,49,2022-11-01
São Paulo,178291.762601222,11792.585662333333,252464.88582602283,7,2022-11-01
Espírito Santo,120972.08739359114,3110.556114000001,140536.89434498947,34,2022-11-01
Amazonas,13076.350819669193,14139.062929333335,102008.37022321929,9,2022-11-01
Bahia,19556.57106160472,4116.150693,45446.37685194306,77,2022-11-01
Rio Grande do Norte,33296.564923467165,983.4802900000002,39482.469086312056,67,2022-11-01
Maranhão,37.150521655616664,3311.145668333333,20863.627657795303,7,2022-11-01
Alagoas,2403.3201628071834,855.1451456666668,7782.020651472838,8,2022-11-01
Sergipe,4995.584001904644,27.829968666666666,5170.629217123931,16,2022-11-01
Ceará,641.8380006209999,0.824403,647.0233388544299,2,2022-11-01
Paraná,0,28.35,178.3161135,1,2022-11-01
Total,3095480.95119745,140380.01920599997,3978444.5997995394,277,2022-11-01
Rio de Janeiro,2776629.828039718,104727.97904129034,3435348.917893416,48,2022-10-01
São Paulo,261999.77246013022,16255.933569032259,364246.505981965,7,2022-10-01
Espírito Santo,134662.3217049459,3502.5578480645167,156692.7450832807,33,2022-10-01
Amazonas,13540.87769486386,14381.042803870967,103994.90453307952,8,2022-10-01
Bahia,19281.12553270896,4346.205224838713,46617.93061795174,79,2022-10-01
Rio Grande do Norte,33516.7261961793,959.9826238709675,39554.83450362914,72,2022-10-01
Maranhão,38.24972445511291,3625.8501958064526,22844.158544540493,7,2022-10-01
Alagoas,2500.1530115648384,910.1026222580646,8224.525586069836,8,2022-10-01
Sergipe,1693.5635402402868,13.898767419354838,1780.9841465422196,18,2022-10-01
Ceará,655.2046767201258,0.8455832258064515,660.5232345496355,2,2022-10-01
Paraná,0,26.42258064516129,166.19301196774194,1,2022-10-01
Total,3244517.8225815264,148750.8208603226,4180132.2231369917,283,2022-10-01
Rio de Janeiro,2668629.033660219,99001.47903633336,3291329.5265177395,47,2022-09-01
São Paulo,263478.2683396989,16384.459467999997,366533.40534611995,7,2022-09-01
Espírito Santo,147689.93875365527,3463.3542796666666,169473.77913544563,32,2022-09-01
Amazonas,13071.208036193619,13174.432447,95935.88498565867,8,2022-09-01
Bahia,18739.493454993168,4250.870142000001,45476.65898284622,78,2022-09-01
Rio Grande do Norte,32364.815197247302,959.8810950000003,38402.28490738927,71,2022-09-01
Maranhão,48.02877740306333,4918.371667,30983.652072216333,7,2022-09-01
Alagoas,2695.7510747208366,893.4198506666667,8315.192185642543,9,2022-09-01
Ceará,652.6791716486866,0.8491736666666667,658.0203126690233,2,2022-09-01
Sergipe,478.2714454457266,5.938567666666668,515.6239077412034,6,2022-09-01
Paraná,0,17.255999999999997,108.53696135999999,1,2022-09-01
Total,3147847.4879112258,143070.311727,4047732.565314828,268,2022-09-01
Rio de Janeiro,2683520.592429562,99844.83843333334,3311525.6556559275,48,2023-04-01
São Paulo,230208.2305808833,13803.794733333332,317031.4767325506,6,2023-04-01
Espírito Santo,163491.84334447095,3924.2998666666667,188174.94388882964,36,2023-04-01
Amazonas,12578.952022178,14988.794133333333,106855.61924995933,8,2023-04-01
Bahia,11227.868336826334,4363.953266666666,38676.30523303899,60,2023-04-01
Rio Grande do Norte,30948.93609490233,970.8352,37055.30504421433,65,2023-04-01
Maranhão,68.97216951700001,2323.9188,14685.979876945,8,2023-04-01
Alagoas,2210.2765535393337,1300.5777666666665,10390.663596097003,9,2023-04-01
Sergipe,6288.453707303666,51.9063,6614.934472106668,16,2023-04-01
Ceará,642.4525150579999,0.8518333333333333,647.8103848763333,2,2023-04-01
Paraná,0,27.461000000000002,172.72447241,1,2023-04-01
Total,3141186.5777542414,141601.23133333333,4031831.4186069546,259,2023-04-01
Rio de Janeiro,3083510.484,114611.73,3804396.46,48,2023-12-01
São Paulo,241312.8903,12866.85,322242.94,7,2023-12-01
Espírito Santo,185721.458,4254.23,212479.78,30,2023-12-01
Amazonas,13030.69007,14799.43,106116.3,8,2023-12-01
Bahia,20192.48423,4878.05,50874.5,80,2023-12-01
Rio Grande do Norte,29809.86992,942.6,35738.67,66,2023-12-01
Maranhão,49.445008,3216.75,20282.18,7,2023-12-01
Sergipe,8203.29823,60.16,8581.67,18,2023-12-01
Alagoas,2138.053114,960.56,8179.79,10,2023-12-01
Ceará,800.7930442,1.02,807.22,2,2023-12-01
Paraná,0,26.74,168.22,1,2023-12-01
Total,3584769.466,156618.13,4569867.72,277,2023-12-01
Rio de Janeiro,2799683.004329056,107333.63946428572,3474791.203167916,49,2023-02-01
São Paulo,239589.12292792642,14401.928535714289,330174.5170511475,7,2023-02-01
Espírito Santo,160199.68764748823,3929.668142857143,184916.55362911252,34,2023-02-01
Amazonas,12601.218758267858,14828.14017857143,105867.40313484821,8,2023-02-01
Rio Grande do Norte,31515.195214412503,931.9878928571426,37377.221982784286,66,2023-02-01
Bahia,9897.989607733572,4061.308035714286,35442.845503849654,55,2023-02-01
Alagoas,2285.2155662885716,974.2106071428572,8412.815185201787,8,2023-02-01
Sergipe,5083.945373049642,41.21910714285713,5343.205725347856,16,2023-02-01
Ceará,630.0426300735714,0.8104642857142857,635.1402964424999,2,2023-02-01
Paraná,0,25.666785714285712,161.43920545357145,1,2023-02-01
Maranhão,71.38058269321428,10.921392857142859,140.07406870000003,5,2023-02-01
Total,3261556.80263699,146539.50060714287,4183262.4189508036,251,2023-02-01
Rio de Janeiro,2832382.7830258165,104204.8437096774,3487811.451039384,48,2023-01-01
São Paulo,221348.14058392227,13622.688354838709,307032.26202507026,7,2023-01-01
Espírito Santo,157353.8346421777,3745.405322580646,180911.72249419874,33,2023-01-01
Amazonas,13248.720654533548,13484.137580645162,98061.3840506513,9,2023-01-01
Rio Grande do Norte,31140.612529088055,956.6236774193552,37157.593701557096,67,2023-01-01
Bahia,12115.424920601616,3643.0323225806446,35029.4060534926,66,2023-01-01
Maranhão,115.80960489677419,2712.709290322581,17178.235626260648,7,2023-01-01
Alagoas,2336.702965448387,804.9151612903224,7399.466396083871,6,2023-01-01
Sergipe,3709.575736206452,40.46254838709677,3964.0774776770972,15,2023-01-01
Ceará,631.2702879429032,0.8053225806451613,636.335613963871,2,2023-01-01
Paraná,0,27.701612903225808,174.23788185483872,1,2023-01-01
Total,3274382.874950634,143243.32490322576,4175356.172360195,261,2023-01-01
Rio de Janeiro,2981976.621188785,111409.27535483871,3682719.7954084016,47,2023-07-01
São Paulo,265614.5323296955,14485.623322580645,356726.3507602964,7,2023-07-01
Espírito Santo,188600.72122130543,4526.643838709679,217072.45090445993,30,2023-07-01
Amazonas,11640.536961306128,13792.433225806451,98392.32138931581,8,2023-07-01
Bahia,18618.40469738549,4289.767645161288,45600.22812959743,74,2023-07-01
Rio Grande do Norte,35037.74005174259,1144.2479999999998,42234.84256462259,65,2023-07-01
Maranhão,80.60675570935484,2959.1143548387095,18692.873815917414,8,2023-07-01
Alagoas,3184.1215595558065,1390.4544193548384,11929.815670958063,10,2023-07-01
Sergipe,7216.676807394193,49.433419354838705,7527.603622786451,16,2023-07-01
Ceará,751.6958017912904,0.9362903225806452,757.5848900251614,2,2023-07-01
Paraná,0,27.921935483870968,175.62366902580646,1,2023-07-01
Total,3512721.6573746707,154075.8518064516,4481829.490825407,268,2023-07-01
Rio de Janeiro,2860146.923942802,105997.28490000003,3526849.7064796714,49,2023-06-01
São Paulo,265782.03042313235,14704.976733333335,358273.5401302196,7,2023-06-01
Espírito Santo,169021.65916639668,3939.4324666666657,193799.9408895614,30,2023-06-01
Amazonas,12286.378784443665,15056.15,106986.70161594366,8,2023-06-01
Bahia,17401.365493023673,4393.333033333333,45034.595539414,73,2023-06-01
Rio Grande do Norte,32811.41886245367,1068.2365333333332,39530.423692179014,65,2023-06-01
Maranhão,92.23335451933333,5634.871766666667,35534.506141217,8,2023-06-01
Alagoas,2332.7758447976667,1383.9586000000004,11037.61248666367,10,2023-06-01
Sergipe,5956.923692692999,50.810066666666664,6276.509358113667,16,2023-06-01
Ceará,738.3561833726667,0.9636666666666667,744.4174636093334,2,2023-06-01
Paraná,0,27.87066666666667,175.3011979066667,1,2023-06-01
Total,3366570.065747634,152257.88843333337,4324243.2549944995,269,2023-06-01
Rio de Janeiro,2719039.547962406,103820.3010967742,3372049.5160039077,49,2023-05-01
São Paulo,252916.23375985026,14430.758258064518,343682.96135900705,7,2023-05-01
Espírito Santo,162509.7672022694,4419.504516129034,190307.61090286294,31,2023-05-01
Amazonas,12319.07415691355,14517.505741935482,103631.42694759679,8,2023-05-01
Bahia,13607.87570403484,4711.986838709677,43245.37764201935,75,2023-05-01
Rio Grande do Norte,31351.469887659998,998.7468387096775,37633.39774124451,66,2023-05-01
Alagoas,2084.2993828554836,1386.009870967742,10802.038129367094,9,2023-05-01
Sergipe,6692.810909217097,52.13006451612903,7020.699110311291,16,2023-05-01
Ceará,714.5250536622581,0.978483870967742,720.6795312987097,2,2023-05-01
Maranhão,56.334784713548395,44.11606451612903,333.81644846774196,7,2023-05-01
Paraná,0,27.690645161290323,174.1688968419355,1,2023-05-01
Total,3201291.9388035825,144409.72841935485,4109601.692712925,271,2023-05-01
Rio de Janeiro,2644307.807747188,98589.21548387101,3264415.2411897937,48,2023-03-01
São Paulo,254350.62432165904,14636.107580645163,346408.96014347684,7,2023-03-01
Espírito Santo,152283.77787250167,3615.170193548387,175022.5115075842,34,2023-03-01
Amazonas,12770.743789836775,15133.536806451613,107957.8149304242,8,2023-03-01
Rio Grande do Norte,31691.93608557742,993.8647741935486,37943.156680947744,66,2023-03-01
Bahia,10110.03303027,4267.853129032256,36954.01831978839,57,2023-03-01
Alagoas,2441.949747487097,1165.0548709677419,9769.92352544871,9,2023-03-01
Sergipe,6647.411466431289,53.23567741935484,6982.253762620322,16,2023-03-01
Ceará,692.2840826051612,0.8963225806451613,697.921781336129,2,2023-03-01
Maranhão,62.00109193516129,50.21222580645161,377.82645193483876,5,2023-03-01
Paraná,0,25.633225806451613,161.22812000967744,1,2023-03-01
Total,3115358.5692354916,138530.7802903226,3986690.8564133644,253,2023-03-01
Rio de Janeiro,3223980.7326390436,119764.66683333338,3977277.7317340123,49,2023-11-01
São Paulo,224763.0917454034,12616.360600000002,304117.6028108893,7,2023-11-01
Espírito Santo,152672.4358980256,3919.2026333333342,177323.4758131919,28,2023-11-01
Amazonas,12971.830956585667,14682.156533333335,105319.805941511,8,2023-11-01
Bahia,19826.91876090567,4663.9603,49162.342895448666,78,2023-11-01
Rio Grande do Norte,33006.26061308734,998.2493,39285.059042720335,65,2023-11-01
Maranhão,93.55190835566667,4312.369466666667,27217.53650349034,8,2023-11-01
Alagoas,2278.586825384,1081.9305333333332,9083.724313249333,10,2023-11-01
Sergipe,7914.978445911667,60.742399999999996,8297.036600855667,18,2023-11-01
Ceará,791.3277052306668,1.0126333333333333,797.6969764969999,2,2023-11-01
Paraná,0,22.45266666666667,141.2230073266667,1,2023-11-01
Total,3678299.7154979333,162123.10390000005,4698023.235639191,274,2023-11-01
Rio de Janeiro,3053273.3494684035,111174.39145161286,3752539.1485646735,48,2023-10-01
São Paulo,253284.96616101067,13968.0995483871,341141.6583814514,7,2023-10-01
Espírito Santo,159592.8219600255,4244.385129032258,186289.19798846386,27,2023-10-01
Amazonas,12221.416132088387,13880.851354838707,99529.33379226644,8,2023-10-01
Bahia,20350.318286579346,4662.699967741935,49677.815170682254,77,2023-10-01
Rio Grande do Norte,33638.7091785771,1170.433096774193,41000.5109749984,64,2023-10-01
Maranhão,54.78546248258064,2043.466129032258,12907.799155530969,6,2023-10-01
Alagoas,2840.599731360968,1287.003129032258,10935.604882379357,10,2023-10-01
Sergipe,7197.156686404839,53.02080645161292,7530.647485032255,15,2023-10-01
Ceará,781.2081990025806,1.0038709677419355,787.5223566541936,2,2023-10-01
Paraná,0,19.988387096774193,125.72315704516129,1,2023-10-01
Total,3543235.3312659347,152505.34287096767,4502464.961909177,265,2023-10-01
Rio de Janeiro,3149936.1483634682,118130.88979999999,3892957.0003364077,48,2023-09-01
São Paulo,260361.32519323874,14417.161099999998,351042.5292516298,7,2023-09-01
Espírito Santo,182921.79479446905,4617.361433333333,211964.12091146334,33,2023-09-01
Amazonas,11803.449898228002,13312.5479,95536.84680512702,8,2023-09-01
Rio Grande do Norte,34679.132026340674,1172.464166666667,42053.708866482324,61,2023-09-01
Bahia,19570.342105801337,3012.784566666666,38520.18460106698,75,2023-09-01
Maranhão,60.13079326033334,1969.8575666666666,12450.160614656,7,2023-09-01
Alagoas,3069.313224778666,1275.0091,11088.878212049665,10,2023-09-01
Sergipe,9063.680995042998,55.82016666666667,9414.779237544668,15,2023-09-01
Ceará,777.3441996386666,0.9973,783.6170271516668,2,2023-09-01
Paraná,0,23.951999999999998,150.65352911999997,1,2023-09-01
Total,3672242.661594266,157988.84509999995,4665962.479392698,267,2023-09-01
Rio de Janeiro,2919373.1155994744,105744.6347419355,3584486.77664565,50,2023-08-01
São Paulo,268158.42610028,14838.507677419353,361489.82007478905,7,2023-08-01
Espírito Santo,201730.83046493286,5006.3063870967735,233219.5464415579,32,2023-08-01
Amazonas,10630.71040057129,13014.452387096775,92489.14316945647,8,2023-08-01
Bahia,19225.10739326258,4166.722935483873,45433.002980098405,77,2023-08-01
Rio Grande do Norte,32934.18816916839,1248.5917096774194,40787.59279061452,67,2023-08-01
Maranhão,69.56022617258064,2425.5209354838707,15325.626061388388,7,2023-08-01
Alagoas,2658.024402005484,1329.3322258064518,11019.27152920516,10,2023-08-01
Sergipe,6510.158884759033,57.865838709677426,6874.12401573355,16,2023-08-01
Ceará,756.9609814525807,0.9426451612903226,762.8900404145162,2,2023-08-01
Paraná,0,27.065806451612904,170.23878007741936,1,2023-08-01
Total,3462047.08262208,147859.94329032264,4392058.032528985,277,2023-08-01
Rio de Janeiro,2728655.04625049,100088.43,3358192.23,48,2024-04-01
São Paulo,221898.762380223,12757.94,302143.78,7,2024-04-01
Espírito Santo,166024.306609526,4490.9,194271.2,29,2024-04-01
Rio Grande do Norte,34190.7765017173,1199.3,41734.12,64,2024-04-01
Bahia,19792.7021945056,2664.54,36552.15,80,2024-04-01
Amazonas,11408.764949709,14042.49,99733.37,8,2024-04-01
Sergipe,9174.18268338666,63.42,9573.09,18,2024-04-01
Alagoas,2400.124824014,1195.38,9918.85,11,2024-04-01
Ceará,775.357038999333,1,781.62,2,2024-04-01
Maranhão,78.6616218219999,149.9,1021.52,6,2024-04-01
Paraná,0,22.85,143.69,1,2024-04-01
Total,3194398.685054393,136676.15,4054065.62,274,2024-04-01
Rio de Janeiro,3063678.1213720967,111307.64677419358,3763782.0711288876,50,2024-01-01
São Paulo,194051.49329178032,11909.947419354841,268962.7996695126,7,2024-01-01
Espírito Santo,182213.40800696515,4401.038870967743,209895.1063079668,28,2024-01-01
Amazonas,11878.42325662484,14307.89241935484,101872.34807480712,8,2024-01-01
Bahia,20106.20934019968,4319.504612903228,47275.07264948455,84,2024-01-01
Rio Grande do Norte,34410.69469004581,1182.1008709677421,41845.8845692674,65,2024-01-01
Maranhão,102.43442538032258,5141.628032258064,32442.297838957416,8,2024-01-01
Alagoas,3035.461900205806,1274.5220967741934,11051.963729717096,10,2024-01-01
Sergipe,8827.52819165,59.79293548387097,9203.614395185805,18,2024-01-01
Ceará,803.2791422925807,1.0293225806451614,809.7533857535484,2,2024-01-01
Paraná,0,22.32741935483871,140.43522553225807,1,2024-01-01
Total,3519107.0536172404,153927.43077419358,4487281.34697507,281,2024-01-01
Rio de Janeiro,2857859.17452124,108834.13,3542405.18,48,2024-05-01
São Paulo,224785.22064963,12949.8,306237,7,2024-05-01
Espírito Santo,158871.212551332,3612.83,181595.23,31,2024-05-01
Rio Grande do Norte,32793.1856433535,1229.72,40527.92,63,2024-05-01
Bahia,18835.5127068177,2506.46,34600.7,79,2024-05-01
Amazonas,12236.9921364135,14930.25,106145.43,6,2024-05-01
Sergipe,8673.26086233935,63.31,9071.45,17,2024-05-01
Alagoas,3048.48079242032,1244.4,10875.51,11,2024-05-01
Ceará,782.005178798709,1.01,788.33,2,2024-05-01
Maranhão,47.4198920754838,235.23,1526.99,6,2024-05-01
Paraná,0,23.51,147.9,1,2024-05-01
Total,3317932.464934421,145630.65000000002,4233921.640000001,271,2024-05-01
Rio de Janeiro,2893010.4570057224,109329.55732258063,3580672.5999488635,50,2024-03-01
São Paulo,219254.9204244129,9672.296451612903,280091.82736873225,7,2024-03-01
Espírito Santo,169482.86300152974,5133.663645161293,201772.63193350166,29,2024-03-01
Amazonas,11277.22678216,13473.479290322579,96022.85155722388,8,2024-03-01
Bahia,19257.985447515162,3811.5163870967726,43231.6993342403,79,2024-03-01
Rio Grande do Norte,31156.897455869355,1174.8569032258063,38546.524154348066,64,2024-03-01
Alagoas,2927.9899457067745,1264.9265806451613,10884.13780191452,11,2024-03-01
Sergipe,9095.316852400001,55.23729032258064,9442.748913443871,18,2024-03-01
Ceará,754.0581326890323,0.966516129032258,760.1373355025806,2,2024-03-01
Maranhão,36.714229661290325,42.898032258064525,306.53470193838706,5,2024-03-01
Paraná,0,22.903225806451612,144.05693870967744,1,2024-03-01
Total,3356254.429277667,143982.3016451613,4261875.749988419,274,2024-03-01
