"","Nº","CAMPO","Produção Petróleo Acum. (MMbbl)","Inicio da Produção","Tempo de Produção (anos)","Média Histórica de produção","mes","Produção total  Acum. MMboe","Média Histórica de produção (MMbbl)"
"1",1,"CANTO DO AMARO",286.2740814096,"31/01/1986",34.4356164383562,8.31331368561572,"2020-06-01",NA,NA
"2",2,"CARMÓPOLIS",396.3102986061,"31/10/1963",56.7041095890411,6.98909305654088,"2020-06-01",NA,NA
"3",3,"LESTE DO URUCU",161.0340413126,"31/03/1992",28.2684931506849,5.69659091675703,"2020-06-01",NA,NA
"4",4,"ÁGUA GRANDE",319.0211363573,"31/07/1951",68.9643835616438,4.62588251908527,"2020-06-01",NA,NA
"5",5,"RIO URUCU",135.0771976013,"31/07/1988",31.9369863013699,4.22949104610745,"2020-06-01",NA,NA
"6",6,"MIRANGA",222.7521604055,"31/07/1965",54.9534246575342,4.05347185900925,"2020-06-01",NA,NA
"7",7,"BURACICA",194.1866371763,"31/05/1959",61.1260273972603,3.17682410332793,"2020-06-01",NA,NA
"8",8,"ARAÇÁS",162.0996249005,"30/04/1965",55.2054794520548,2.93629593492221,"2020-06-01",NA,NA
"9",9,"ESTREITO",106.4332120786,"31/03/1982",38.2767123287671,2.78062575396815,"2020-06-01",NA,NA
"10",10,"FAZENDA ALEGRE",55.1808504112,"31/10/1996",23.6794520547945,2.33032632188916,"2020-06-01",NA,NA
"11",11,"TAQUIPE",114.9495616836,"31/03/1959",61.2931506849315,1.87540631210951,"2020-06-01",NA,NA
"12",12,"SIRIRIZINHO",83.8235193327,"30/11/1967",52.6191780821918,1.59302220954053,"2020-06-01",NA,NA
"13",13,"FAZENDA BÁLSAMO",54.4738910498,"31/08/1983",36.8575342465753,1.47795809359823,"2020-06-01",NA,NA
"14",14,"ALTO DO RODRIGUES",55.2020454851,"30/06/1981",39.027397260274,1.41444342590814,"2020-06-01",NA,NA
"15",15,"CANDEIAS",110.3433766703,"31/12/1941",78.5506849315069,1.40474111418016,"2020-06-01",NA,NA
"16",16,"FAZENDA POCINHO",52.6973332406,"31/10/1982",37.6904109589041,1.39816287219735,"2020-06-01",NA,NA
"17",17,"PILAR",49.168191418,"31/01/1982",38.4383561643836,1.27914396775267,"2020-06-01",NA,NA
"18",18,"FAZENDA BELÉM",35.1902819226,"31/05/1987",33.1068493150685,1.06293056121723,"2020-06-01",NA,NA
"19",19,"RIACHO DA FORQUILHA",30.9700825241,"31/05/1989",31.1041095890411,0.995691017466441,"2020-06-01",NA,NA
"20",20,"RIACHUELO",50.1443408473,"31/10/1965",54.7013698630137,0.91669259787962,"2020-06-01",NA,NA
"21",1,"CANTO DO AMARO",286.5093194976,"31/01/1986",NA,NA,"2020-07-01",NA,NA
"22",2,"CARMÓPOLIS",396.5048196025,"31/10/1963",NA,NA,"2020-07-01",NA,NA
"23",3,"LESTE DO URUCU",161.2789485253,"31/03/1992",NA,NA,"2020-07-01",NA,NA
"24",4,"ÁGUA GRANDE",319.0449702336,"31/07/1951",NA,NA,"2020-07-01",NA,NA
"25",5,"RIO URUCU",135.2486657092,"31/07/1988",NA,NA,"2020-07-01",NA,NA
"26",6,"MIRANGA",222.7777597057,"31/07/1965",NA,NA,"2020-07-01",NA,NA
"27",7,"BURACICA",194.2692774869,"31/05/1959",NA,NA,"2020-07-01",NA,NA
"28",8,"ARAÇÁS",162.2038343279,"30/04/1965",NA,NA,"2020-07-01",NA,NA
"29",9,"ESTREITO",106.6699288662,"31/03/1982",NA,NA,"2020-07-01",NA,NA
"30",10,"FAZENDA ALEGRE",55.3331807467,"31/10/1996",NA,NA,"2020-07-01",NA,NA
"31",11,"TAQUIPE",115.0015557768,"31/03/1959",NA,NA,"2020-07-01",NA,NA
"32",12,"SIRIRIZINHO",83.8716508712,"30/11/1967",NA,NA,"2020-07-01",NA,NA
"33",13,"FAZENDA BÁLSAMO",54.5128373261,"31/08/1983",NA,NA,"2020-07-01",NA,NA
"34",14,"FAZENDA POCINHO",52.7522109335,"31/10/1982",NA,NA,"2020-07-01",NA,NA
"35",15,"ALTO DO RODRIGUES",55.2894927231,"30/06/1981",NA,NA,"2020-07-01",NA,NA
"36",16,"CANDEIAS",110.3609505504,"31/12/1941",NA,NA,"2020-07-01",NA,NA
"37",17,"PILAR",49.1842217538,"31/01/1982",NA,NA,"2020-07-01",NA,NA
"38",18,"FAZENDA BELÉM",35.2232140282,"31/05/1987",NA,NA,"2020-07-01",NA,NA
"39",19,"RIACHO DA FORQUILHA",31.0067834292,"31/05/1989",NA,NA,"2020-07-01",NA,NA
"40",20,"RIACHUELO",50.1807261401,"31/10/1965",NA,NA,"2020-07-01",NA,NA
"41",1,"CANTO DO AMARO",NA,"31/01/1986",34,NA,"2020-08-01",288.335420451771,8.43385617012647
"42",2,"CARMÓPOLIS",NA,"31/10/1963",56,NA,"2020-08-01",411.968821655629,7.08416632082321
"43",3,"LESTE DO URUCU",NA,"31/03/1992",28,NA,"2020-08-01",407.490253712015,5.76861473332857
"44",4,"ÁGUA GRANDE",NA,"31/07/1951",69,NA,"2020-08-01",417.146432414912,4.62421687301304
"45",5,"RIO URUCU",NA,"31/07/1988",32,NA,"2020-08-01",403.661251581194,4.23199087250625
"46",6,"MIRANGA",NA,"31/07/1965",55,NA,"2020-08-01",356.128375334872,4.05092696852727
"47",7,"BURACICA",NA,"31/05/1959",61,NA,"2020-08-01",195.787195370814,3.18596899018852
"48",8,"ARAÇÁS",NA,"30/04/1965",55,NA,"2020-08-01",183.56644564379,2.95098054271455
"49",9,"ESTREITO",NA,"31/03/1982",38,NA,"2020-08-01",107.337409553381,2.81330439477105
"50",10,"FAZENDA ALEGRE",NA,"31/10/1996",23,NA,"2020-08-01",56.8388266436077,2.4119172563087
"51",11,"TAQUIPE",NA,"31/03/1959",61,NA,"2020-08-01",133.767334723411,1.88614068471639
"52",12,"SIRIRIZINHO",NA,"30/11/1967",52,NA,"2020-08-01",87.4873864897224,1.61383469779615
"53",13,"FAZENDA BÁLSAMO",NA,"31/08/1983",37,NA,"2020-08-01",57.913736755297,1.47451883861622
"54",14,"FAZENDA POCINHO",NA,"31/10/1982",37,NA,"2020-08-01",53.5120017379111,1.42740473908649
"55",15,"ALTO DO RODRIGUES",NA,"30/06/1981",39,NA,"2020-08-01",55.7687377222195,1.41993542303077
"56",16,"CANDEIAS",NA,"31/12/1941",78,NA,"2020-08-01",151.013742241478,1.41513726730769
"57",17,"PILAR",NA,"31/01/1982",38,NA,"2020-08-01",114.111652691533,1.29470828951842
"58",18,"FAZENDA BELÉM",NA,"31/05/1987",33,NA,"2020-08-01",37.3578693618488,1.06829090947576
"59",19,"RIACHO DA FORQUILHA",NA,"31/05/1989",31,NA,"2020-08-01",43.7209219242482,1.00144697216129
"60",20,"RIACHUELO",NA,"31/10/1965",54,NA,"2020-08-01",50.8619433854251,0.929927135387037
"61",1,"ÁGUA GRANDE",NA,"31/07/1951",69,NA,"2020-09-01",417.18309080025,4.62460847356957
"62",2,"CARMÓPOLIS",NA,"31/10/1963",56,NA,"2020-09-01",412.174011670264,7.08770702041429
"63",3,"LESTE DO URUCU",NA,"31/03/1992",28,NA,"2020-09-01",408.914893251277,5.77721480984643
"64",4,"RIO URUCU",NA,"31/07/1988",32,NA,"2020-09-01",404.87021330825,4.23676381168125
"65",5,"MIRANGA",NA,"31/07/1965",55,NA,"2020-09-01",356.220633630856,4.05134392712364
"66",6,"CANTO DO AMARO",NA,"31/01/1986",34,NA,"2020-09-01",288.570225014402,8.44057626494118
"67",7,"BURACICA",NA,"31/05/1959",61,NA,"2020-09-01",195.863825670863,3.18721522581803
"68",8,"ARAÇÁS",NA,"30/04/1965",55,NA,"2020-09-01",183.707721572433,2.95275918171455
"69",9,"CANDEIAS",NA,"31/12/1941",78,NA,"2020-09-01",151.050739159364,1.41537204430513
"70",10,"TAQUIPE",NA,"31/03/1959",61,NA,"2020-09-01",133.821137083156,1.88698484100164
"71",11,"PILAR",NA,"31/01/1982",38,NA,"2020-09-01",114.177557745075,1.29505562275263
"72",12,"ESTREITO",NA,"31/03/1982",38,NA,"2020-09-01",107.550752026471,2.81890412545789
"73",13,"SIRIRIZINHO",NA,"30/11/1967",52,NA,"2020-09-01",87.5373931491686,1.61475850529231
"74",14,"FAZENDA BÁLSAMO",NA,"31/08/1983",37,NA,"2020-09-01",57.9558271706988,1.47563398062162
"75",15,"FAZENDA ALEGRE",NA,"31/10/1996",23,NA,"2020-09-01",56.9722997803377,2.4174932776
"76",16,"ALTO DO RODRIGUES",NA,"30/06/1981",39,NA,"2020-09-01",55.8554000568841,1.42214886136667
"77",17,"FURADO",NA,"31/05/1969",51,NA,"2020-09-01",53.7797925981021,0.520199700003922
"78",18,"FAZENDA POCINHO",NA,"31/10/1982",37,NA,"2020-09-01",53.5768677186522,1.42908957165135
"79",19,"RIACHUELO",NA,"31/10/1965",54,NA,"2020-09-01",50.8967166658234,0.930559653818518
"80",20,"GAVIÃO REAL",NA,"19/11/2012",7,NA,"2020-09-01",44.3503158830044,0.00670065738571429
"81",1,"CANTO DO AMARO",287.4487616568,"31/01/1986",34,NA,"2020-11-01",NA,8.45437534284706
"82",2,"CARMÓPOLIS",397.2765125786,"31/10/1963",56,NA,"2020-11-01",NA,7.09422343890357
"83",3,"LESTE DO URUCU",162.2703137768,"31/03/1992",28,NA,"2020-11-01",NA,5.79536834917143
"84",4,"ÁGUA GRANDE",319.1352500834,"31/07/1951",69,NA,"2020-11-01",NA,4.62514855193333
"85",5,"RIO URUCU",135.9148409473,"31/07/1988",32,NA,"2020-11-01",NA,4.24733877960313
"86",6,"MIRANGA",222.8637350177,"31/07/1965",55,NA,"2020-11-01",NA,4.05206790941273
"87",7,"BURACICA",194.5705260888,"31/05/1959",61,NA,"2020-11-01",NA,3.1896807555541
"88",8,"ARAÇÁS",162.5749933815,"30/04/1965",55,NA,"2020-11-01",NA,2.95590897057273
"89",9,"ESTREITO",107.5110150041,"31/03/1982",38,NA,"2020-11-01",NA,2.82923723695
"90",10,"FAZENDA ALEGRE",55.8050315869,"31/10/1996",23,NA,"2020-11-01",NA,2.42630572116957
"91",11,"TAQUIPE",115.2099577504,"31/03/1959",61,NA,"2020-11-01",NA,1.88868783197377
"92",12,"SIRIRIZINHO",84.0549924986,"30/11/1967",52,NA,"2020-11-01",NA,1.61644216343462
"93",13,"FAZENDA BÁLSAMO",54.6755176525,"31/08/1983",37,NA,"2020-11-01",NA,1.47771669331081
"94",14,"FAZENDA POCINHO",53.0010159488,"31/10/1982",37,NA,"2020-11-01",NA,1.43245989050811
"95",15,"ALTO DO RODRIGUES",55.6321738447,"30/06/1981",39,NA,"2020-11-01",NA,1.42646599601795
"96",16,"CANDEIAS",110.4373615464,"31/12/1941",78,NA,"2020-11-01",NA,1.41586360956923
"97",17,"PILAR",49.2492285755,"31/01/1982",38,NA,"2020-11-01",NA,1.29603233093421
"98",18,"FAZENDA BELÉM",35.3442334119,"31/05/1987",33,NA,"2020-11-01",NA,1.07103737611818
"99",19,"RIACHO DA FORQUILHA",31.1585839014,"31/05/1989",31,NA,"2020-11-01",NA,1.00511560972258
"100",20,"RIACHUELO",50.321543663,"31/10/1965",54,NA,"2020-11-01",NA,0.931880438203704
"101",1,"CANTO DO AMARO",287.6878640984,"31/01/1986",34,NA,"2020-12-01",NA,8.4614077676
"102",2,"CARMÓPOLIS",397.4480113562,"31/10/1963",57,NA,"2020-12-01",NA,6.97277212905614
"103",3,"LESTE DO URUCU",162.5271505639,"31/03/1992",28,NA,"2020-12-01",NA,5.80454109156786
"104",4,"ÁGUA GRANDE",319.1508957342,"31/07/1951",69,NA,"2020-12-01",NA,4.62537530049565
"105",5,"RIO URUCU",136.0845795528,"31/07/1988",32,NA,"2020-12-01",NA,4.252643111025
"106",6,"MIRANGA",222.8801051226,"31/07/1965",55,NA,"2020-12-01",NA,4.05236554768364
"107",7,"BURACICA",194.6478632778,"31/05/1959",61,NA,"2020-12-01",NA,3.19094857832459
"108",8,"ARAÇÁS",162.6606052125,"30/04/1965",55,NA,"2020-12-01",NA,2.95746554931818
"109",9,"ESTREITO",107.7130928643,"31/03/1982",38,NA,"2020-12-01",NA,2.83455507537632
"110",10,"FAZENDA ALEGRE",55.9239721268,"31/10/1996",24,NA,"2020-12-01",NA,2.33016550528333
"111",11,"TAQUIPE",115.2646723907,"31/03/1959",61,NA,"2020-12-01",NA,1.88958479329016
"112",12,"SIRIRIZINHO",84.0958019937,"30/11/1967",53,NA,"2020-12-01",NA,1.58671324516415
"113",13,"FAZENDA BÁLSAMO",54.7138934561,"31/08/1983",37,NA,"2020-12-01",NA,1.47875387719189
"114",14,"ALTO DO RODRIGUES",55.7211758968,"30/06/1981",39,NA,"2020-12-01",NA,1.42874809991795
"115",15,"CANDEIAS",110.4597470556,"31/12/1941",79,NA,"2020-12-01",NA,1.39822464627342
"116",16,"FAZENDA POCINHO",53.0646643548,"31/10/1982",38,NA,"2020-12-01",NA,1.39643853565263
"117",17,"PILAR",49.2657393898,"31/01/1982",38,NA,"2020-12-01",NA,1.29646682604737
"118",18,"FAZENDA BELÉM",35.3747403295,"31/05/1987",33,NA,"2020-12-01",NA,1.07196182816667
"119",19,"RIACHO DA FORQUILHA",31.1914115367,"31/05/1989",31,NA,"2020-12-01",NA,1.0061745657
"120",20,"RIACHUELO",50.3564868282,"31/10/1965",55,NA,"2020-12-01",NA,0.915572487785455
"121",1,"ÁGUA GRANDE",NA,"31/07/1951",69,NA,"2020-10-01",417.212715272739,4.62497414899565
"122",2,"CARMÓPOLIS",NA,"31/10/1963",56,NA,"2020-10-01",412.374571725653,7.09115826476786
"123",3,"LESTE DO URUCU",NA,"31/03/1992",28,NA,"2020-10-01",410.496625378134,5.78652710154643
"124",4,"RIO URUCU",NA,"31/07/1988",32,NA,"2020-10-01",406.296043171369,4.2422270695
"125",5,"MIRANGA",NA,"31/07/1965",55,NA,"2020-10-01",356.315222280608,4.05172288108546
"126",6,"CANTO DO AMARO",NA,"31/01/1986",34,NA,"2020-10-01",288.815080801516,8.44757648574706
"127",7,"BURACICA",NA,"31/05/1959",61,NA,"2020-10-01",195.939061478376,3.18843738839344
"128",8,"ARAÇÁS",NA,"30/04/1965",55,NA,"2020-10-01",183.853272220598,2.95458646277454
"129",9,"CANDEIAS",NA,"31/12/1941",78,NA,"2020-10-01",151.083847950458,1.41559303177821
"130",10,"TAQUIPE",NA,"31/03/1959",61,NA,"2020-10-01",133.87457842963,1.88783150129836
"131",11,"PILAR",NA,"31/01/1982",38,NA,"2020-10-01",114.246609766137,1.29557822651053
"132",12,"ESTREITO",NA,"31/03/1982",38,NA,"2020-10-01",107.746516900221,2.82404248732368
"133",13,"SIRIRIZINHO",NA,"30/11/1967",52,NA,"2020-10-01",87.5863667919071,1.61565900758462
"134",14,"FAZENDA BÁLSAMO",NA,"31/08/1983",37,NA,"2020-10-01",57.9950625840388,1.47667286957568
"135",15,"FAZENDA ALEGRE",NA,"31/10/1996",23,NA,"2020-10-01",57.0782109324618,2.42191336143478
"136",16,"ALTO DO RODRIGUES",NA,"30/06/1981",39,NA,"2020-10-01",55.9399702025339,1.42430886029744
"137",17,"FURADO",NA,"31/05/1969",51,NA,"2020-10-01",53.8360183032679,0.520772193954902
"138",18,"FAZENDA POCINHO",NA,"31/10/1982",37,NA,"2020-10-01",53.643764420242,1.43082544905946
"139",19,"RIACHUELO",NA,"31/10/1965",54,NA,"2020-10-01",50.9348876368453,0.931253688922222
"140",20,"GAVIÃO REAL",NA,"19/11/2012",7,NA,"2020-10-01",44.6030091284417,0.00674792185714286
"141",1,"CANTO DO AMARO",289.550235562609,"31/01/1986",35,NA,"2021-01-01",NA,8.22670450515429
"142",2,"CARMÓPOLIS",412.903485082102,"31/10/1963",57,NA,"2021-01-01",NA,6.97571864494035
"143",3,"LESTE DO URUCU",415.057198959016,"31/03/1992",28,NA,"2021-01-01",NA,5.81373722621071
"144",4,"ÁGUA GRANDE",417.270611638079,"31/07/1951",69,NA,"2021-01-01",NA,4.62564755537391
"145",5,"RIO URUCU",410.524888055894,"31/07/1988",32,NA,"2021-01-01",NA,4.25803769531875
"146",6,"MIRANGA",356.498270991225,"31/07/1965",55,NA,"2021-01-01",NA,4.0527167231
"147",7,"BURACICA",196.177352207501,"31/05/1959",61,NA,"2021-01-01",NA,3.19230638991803
"148",8,"ARAÇÁS",184.227012326767,"30/04/1965",55,NA,"2021-01-01",NA,2.95937820415818
"149",9,"ESTREITO",108.35352133108,"31/03/1982",38,NA,"2021-01-01",NA,2.83997489446579
"150",10,"FAZENDA ALEGRE",57.4431286815787,"31/10/1996",24,NA,"2021-01-01",NA,2.33565084675
"151",11,"TAQUIPE",134.048397396632,"31/03/1959",61,NA,"2021-01-01",NA,1.89049535307705
"152",12,"SIRIRIZINHO",87.7144625984794,"30/11/1967",53,NA,"2021-01-01",NA,1.58750291134528
"153",13,"FAZENDA BÁLSAMO",58.1146765964139,"31/08/1983",37,NA,"2021-01-01",NA,1.47985545174324
"154",14,"ALTO DO RODRIGUES",56.207662054317,"30/06/1981",39,NA,"2021-01-01",NA,1.43114605920513
"155",15,"CANDEIAS",151.228715628371,"31/12/1941",79,NA,"2021-01-01",NA,1.39851198310886
"156",16,"FAZENDA POCINHO",53.8401677949178,"31/10/1982",38,NA,"2021-01-01",NA,1.39815387008421
"157",17,"PILAR",114.388665254184,"31/01/1982",39,NA,"2021-01-01",NA,1.26357562278462
"158",18,"FAZENDA BELÉM",37.5105152738344,"31/05/1987",33,NA,"2021-01-01",NA,1.07284087944545
"159",19,"RIACHO DA FORQUILHA",43.9303836415554,"31/05/1989",31,NA,"2021-01-01",NA,1.00724203660323
"160",20,"RIACHUELO",51.0391643897422,"31/10/1965",55,NA,"2021-01-01",NA,0.916179924483636
"161",1,"CANTO DO AMARO",288.4051315424,"31/01/1986",35,NA,"2021-03-01",NA,8.24014661549714
"162",2,"CARMÓPOLIS",397.9352990952,"31/10/1963",57,NA,"2021-03-01",NA,6.9813210367579
"163",3,"LESTE DO URUCU",163.2800124418,"31/03/1992",29,NA,"2021-03-01",NA,5.63034525661379
"164",4,"ÁGUA GRANDE",319.2049007406,"31/07/1951",69,NA,"2021-03-01",NA,4.62615798174783
"165",5,"RIO URUCU",136.5726604182,"31/07/1988",32,NA,"2021-03-01",NA,4.26789563806875
"166",6,"MIRANGA",222.9319396605,"31/07/1965",55,NA,"2021-03-01",NA,4.05330799382727
"167",7,"BURACICA",194.8842370167,"31/05/1959",61,NA,"2021-03-01",NA,3.19482355765082
"168",8,"ARAÇÁS",162.9677831675,"30/04/1965",55,NA,"2021-03-01",NA,2.96305060304545
"169",9,"ESTREITO",108.2784686178,"31/03/1982",39,NA,"2021-03-01",NA,2.7763709902
"170",10,"FAZENDA ALEGRE",56.3108264068,"31/10/1996",24,NA,"2021-03-01",NA,2.34628443361667
"171",11,"TAQUIPE",115.4175532654,"31/03/1959",62,NA,"2021-03-01",NA,1.86157343976452
"172",12,"SIRIRIZINHO",84.2120291479,"30/11/1967",53,NA,"2021-03-01",NA,1.58890621033774
"173",13,"FAZENDA BÁLSAMO",54.8321275572,"31/08/1983",37,NA,"2021-03-01",NA,1.48194939343784
"174",14,"ALTO DO RODRIGUES",55.9963266939,"30/06/1981",39,NA,"2021-03-01",NA,1.43580324856154
"175",15,"FAZENDA POCINHO",53.2561661933,"31/10/1982",38,NA,"2021-03-01",NA,1.40147805771842
"176",16,"CANDEIAS",110.5271781778,"31/12/1941",79,NA,"2021-03-01",NA,1.39907820478228
"177",17,"PILAR",49.3135923272,"31/01/1982",39,NA,"2021-03-01",NA,1.26445108531282
"178",18,"FAZENDA BELÉM",35.4612682598,"31/05/1987",33,NA,"2021-03-01",NA,1.07458388666061
"179",19,"RIACHO DA FORQUILHA",31.2903106546,"31/05/1989",31,NA,"2021-03-01",NA,1.00936485982581
"180",20,"RIACHUELO",50.4572279487,"31/10/1965",55,NA,"2021-03-01",NA,0.917404144521818
"181",1,"CANTO DO AMARO",288.4051315424,"31/01/1986",35,NA,"2021-04-01",NA,8.24014661549714
"182",2,"CARMÓPOLIS",397.9352990952,"31/10/1963",57,NA,"2021-04-01",NA,6.9813210367579
"183",3,"LESTE DO URUCU",163.2800124418,"31/03/1992",29,NA,"2021-04-01",NA,5.63034525661379
"184",4,"ÁGUA GRANDE",319.2049007406,"31/07/1951",69,NA,"2021-04-01",NA,4.62615798174783
"185",5,"RIO URUCU",136.5726604182,"31/07/1988",32,NA,"2021-04-01",NA,4.26789563806875
"186",6,"MIRANGA",222.9319396605,"31/07/1965",55,NA,"2021-04-01",NA,4.05330799382727
"187",7,"BURACICA",194.8842370167,"31/05/1959",61,NA,"2021-04-01",NA,3.19482355765082
"188",8,"ARAÇÁS",162.9677831675,"30/04/1965",55,NA,"2021-04-01",NA,2.96305060304545
"189",9,"ESTREITO",108.2784686178,"31/03/1982",39,NA,"2021-04-01",NA,2.7763709902
"190",10,"FAZENDA ALEGRE",56.3108264068,"31/10/1996",24,NA,"2021-04-01",NA,2.34628443361667
"191",11,"TAQUIPE",115.4175532654,"31/03/1959",62,NA,"2021-04-01",NA,1.86157343976452
"192",12,"SIRIRIZINHO",84.2120291479,"30/11/1967",53,NA,"2021-04-01",NA,1.58890621033774
"193",13,"FAZENDA BÁLSAMO",54.8321275572,"31/08/1983",37,NA,"2021-04-01",NA,1.48194939343784
"194",14,"ALTO DO RODRIGUES",55.9963266939,"30/06/1981",39,NA,"2021-04-01",NA,1.43580324856154
"195",15,"FAZENDA POCINHO",53.2561661933,"31/10/1982",38,NA,"2021-04-01",NA,1.40147805771842
"196",16,"CANDEIAS",110.5271781778,"31/12/1941",79,NA,"2021-04-01",NA,1.39907820478228
"197",17,"PILAR",49.3135923272,"31/01/1982",39,NA,"2021-04-01",NA,1.26445108531282
"198",18,"FAZENDA BELÉM",35.4612682598,"31/05/1987",33,NA,"2021-04-01",NA,1.07458388666061
"199",19,"RIACHO DA FORQUILHA",31.2903106546,"31/05/1989",31,NA,"2021-04-01",NA,1.00936485982581
"200",20,"RIACHUELO",50.4572279487,"31/10/1965",55,NA,"2021-04-01",NA,0.917404144521818
"201",1,"CANTO DO AMARO",288.8750628981,"31/01/1986",35,NA,"2021-05-01",NA,8.25357322566
"202",2,"CARMÓPOLIS",398.2177266211,"31/10/1963",57,NA,"2021-05-01",NA,6.98627590563333
"203",3,"LESTE DO URUCU",163.7737635393,"31/03/1992",29,NA,"2021-05-01",NA,5.64737115652759
"204",4,"ÁGUA GRANDE",319.2375558618,"31/07/1951",69,NA,"2021-05-01",NA,4.62663124437391
"205",5,"RIO URUCU",136.8970198751,"31/07/1988",32,NA,"2021-05-01",NA,4.27803187109688
"206",6,"MIRANGA",222.9650793104,"31/07/1965",55,NA,"2021-05-01",NA,4.05391053291636
"207",7,"BURACICA",195.0382887288,"31/05/1959",62,NA,"2021-05-01",NA,3.14577885046452
"208",8,"ARAÇÁS",163.1708004405,"30/04/1965",56,NA,"2021-05-01",NA,2.91376429358036
"209",9,"ESTREITO",108.5795906844,"31/03/1982",39,NA,"2021-05-01",NA,2.78409206883077
"210",10,"FAZENDA ALEGRE",56.5754471104,"31/10/1996",24,NA,"2021-05-01",NA,2.35731029626667
"211",11,"TAQUIPE",115.5116742671,"31/03/1959",62,NA,"2021-05-01",NA,1.8630915204371
"212",12,"SIRIRIZINHO",84.2798778947,"30/11/1967",53,NA,"2021-05-01",NA,1.5901863753717
"213",13,"FAZENDA BÁLSAMO",54.9134202813,"31/08/1983",37,NA,"2021-05-01",NA,1.48414649408919
"214",14,"ALTO DO RODRIGUES",56.1727203391,"30/06/1981",39,NA,"2021-05-01",NA,1.44032616254103
"215",15,"FAZENDA POCINHO",53.3708001631,"31/10/1982",38,NA,"2021-05-01",NA,1.40449474113421
"216",16,"CANDEIAS",110.5698385563,"31/12/1941",79,NA,"2021-05-01",NA,1.39961820957342
"217",17,"PILAR",49.3443288046,"31/01/1982",39,NA,"2021-05-01",NA,1.26523920011795
"218",18,"FAZENDA BELÉM",35.5204889211,"31/05/1987",34,NA,"2021-05-01",NA,1.04472026238529
"219",19,"RIACHO DA FORQUILHA",31.3766472435,"31/05/1989",32,NA,"2021-05-01",NA,0.980520226359375
"220",20,"RIACHUELO",50.5255488713,"31/10/1965",55,NA,"2021-05-01",NA,0.918646343114545
"221",1,"CANTO DO AMARO",289.103086101,"31/01/1986",35,NA,"2021-06-01",NA,8.26008817431429
"222",2,"CARMÓPOLIS",398.3619979185,"31/10/1963",57,NA,"2021-06-01",NA,6.98880698102632
"223",3,"LESTE DO URUCU",164.0111391006,"31/03/1992",29,NA,"2021-06-01",NA,5.65555652071035
"224",4,"ÁGUA GRANDE",319.2539818389,"31/07/1951",69,NA,"2021-06-01",NA,4.62686930201304
"225",5,"RIO URUCU",137.0544677133,"31/07/1988",32,NA,"2021-06-01",NA,4.28295211604063
"226",6,"MIRANGA",222.9776605218,"31/07/1965",55,NA,"2021-06-01",NA,4.05413928221455
"227",7,"BURACICA",195.1136425078,"31/05/1959",62,NA,"2021-06-01",NA,3.14699423399677
"228",8,"ARAÇÁS",163.2712755952,"30/04/1965",56,NA,"2021-06-01",NA,2.91555849277143
"229",9,"ESTREITO",108.7196151018,"31/03/1982",39,NA,"2021-06-01",NA,2.78768243850769
"230",10,"FAZENDA ALEGRE",56.699942754,"31/10/1996",24,NA,"2021-06-01",NA,2.36249761475
"231",11,"TAQUIPE",115.5542352894,"31/03/1959",62,NA,"2021-06-01",NA,1.86377798853871
"232",12,"SIRIRIZINHO",84.308485208,"30/11/1967",53,NA,"2021-06-01",NA,1.590726136
"233",13,"FAZENDA BÁLSAMO",54.9557926177,"31/08/1983",37,NA,"2021-06-01",NA,1.48529169237027
"234",14,"ALTO DO RODRIGUES",56.267141331,"30/06/1981",40,NA,"2021-06-01",NA,1.406678533275
"235",15,"FAZENDA POCINHO",53.4275999146,"31/10/1982",38,NA,"2021-06-01",NA,1.40598947143684
"236",16,"CANDEIAS",110.590299107,"31/12/1941",79,NA,"2021-06-01",NA,1.39987720388608
"237",17,"PILAR",49.3539995129,"31/01/1982",39,NA,"2021-06-01",NA,1.26548716699744
"238",18,"FAZENDA BELÉM",35.5494795227,"31/05/1987",34,NA,"2021-06-01",NA,1.04557292713824
"239",19,"RIACHO DA FORQUILHA",31.438605147,"31/05/1989",32,NA,"2021-06-01",NA,0.98245641084375
"240",20,"RIACHUELO",50.5554559734,"31/10/1965",55,NA,"2021-06-01",NA,0.919190108607273
"241",1,"CANTO DO AMARO",289.3369508338,"31/01/1986",35,NA,"2021-07-01",NA,8.26677002382286
"242",2,"CARMÓPOLIS",398.5077542326,"31/10/1963",57,NA,"2021-07-01",NA,6.99136410934386
"243",3,"LESTE DO URUCU",164.2483621719,"31/03/1992",29,NA,"2021-07-01",NA,5.66373662661724
"244",4,"ÁGUA GRANDE",319.2680409,"31/07/1951",70,NA,"2021-07-01",NA,4.56097201285714
"245",5,"RIO URUCU",137.2157522038,"31/07/1988",33,NA,"2021-07-01",NA,4.15805309708485
"246",6,"MIRANGA",222.9965660301,"31/07/1965",56,NA,"2021-07-01",NA,3.98208153625179
"247",7,"BURACICA",195.1782704377,"31/05/1959",62,NA,"2021-07-01",NA,3.1480366199629
"248",8,"ARAÇÁS",163.368796823,"30/04/1965",56,NA,"2021-07-01",NA,2.91729994326786
"249",9,"ESTREITO",108.8773959707,"31/03/1982",39,NA,"2021-07-01",NA,2.79172810181282
"250",10,"FAZENDA ALEGRE",56.8167992282,"31/10/1996",24,NA,"2021-07-01",NA,2.36736663450833
"251",11,"TAQUIPE",115.5985760923,"31/03/1959",62,NA,"2021-07-01",NA,1.86449316277903
"252",12,"SIRIRIZINHO",84.3607465348,"30/11/1967",53,NA,"2021-07-01",NA,1.59171219876981
"253",13,"FAZENDA BÁLSAMO",54.9944629103,"31/08/1983",37,NA,"2021-07-01",NA,1.48633683541351
"254",14,"ALTO DO RODRIGUES",56.3672945679,"30/06/1981",40,NA,"2021-07-01",NA,1.4091823641975
"255",15,"FAZENDA POCINHO",53.485543375,"31/10/1982",38,NA,"2021-07-01",NA,1.40751429934211
"256",16,"CANDEIAS",110.610005214,"31/12/1941",79,NA,"2021-07-01",NA,1.40012664827848
"257",17,"PILAR",49.3636380808,"31/01/1982",39,NA,"2021-07-01",NA,1.2657343097641
"258",18,"FAZENDA BELÉM",35.5785698057,"31/05/1987",34,NA,"2021-07-01",NA,1.04642852369706
"259",19,"RIACHO DA FORQUILHA",31.5072141058,"31/05/1989",32,NA,"2021-07-01",NA,0.98460044080625
"260",20,"RIACHUELO",50.5830189903,"31/10/1965",55,NA,"2021-07-01",NA,0.919691254369091
"261",1,"CANTO DO AMARO",289.5683639571,"31/01/1986",35,NA,"2021-08-01",NA,8.27338182734571
"262",2,"CARMÓPOLIS",398.6521343173,"31/10/1963",57,NA,"2021-08-01",NA,6.99389709328597
"263",3,"LESTE DO URUCU",164.475590024,"31/03/1992",29,NA,"2021-08-01",NA,5.6715720697931
"264",4,"ÁGUA GRANDE",319.284513363,"31/07/1951",70,NA,"2021-08-01",NA,4.56120733375714
"265",5,"RIO URUCU",137.3752214869,"31/07/1988",33,NA,"2021-08-01",NA,4.16288549960303
"266",6,"MIRANGA",223.0147665764,"31/07/1965",56,NA,"2021-08-01",NA,3.98240654600714
"267",7,"BURACICA",195.2606453496,"31/05/1959",62,NA,"2021-08-01",NA,3.14936524757419
"268",8,"ARAÇÁS",163.45451631,"30/04/1965",56,NA,"2021-08-01",NA,2.91883064839286
"269",9,"ESTREITO",109.0659017568,"31/03/1982",39,NA,"2021-08-01",NA,2.79656158350769
"270",10,"FAZENDA ALEGRE",56.9414842201,"31/10/1996",24,NA,"2021-08-01",NA,2.37256184250417
"271",11,"TAQUIPE",115.6412235834,"31/03/1959",62,NA,"2021-08-01",NA,1.86518102553871
"272",12,"SIRIRIZINHO",84.3977456001,"30/11/1967",53,NA,"2021-08-01",NA,1.59241029434151
"273",13,"FAZENDA BÁLSAMO",55.0303943679,"31/08/1983",38,NA,"2021-08-01",NA,1.44816827283947
"274",14,"ALTO DO RODRIGUES",56.4510302424,"30/06/1981",40,NA,"2021-08-01",NA,1.41127575606
"275",15,"FAZENDA POCINHO",53.5267692185,"31/10/1982",38,NA,"2021-08-01",NA,1.40859918996053
"276",16,"CANDEIAS",110.6339630877,"31/12/1941",79,NA,"2021-08-01",NA,1.40042991250253
"277",17,"PILAR",49.3712515814,"31/01/1982",39,NA,"2021-08-01",NA,1.26592952772821
"278",18,"FAZENDA BELÉM",35.6078760317,"31/05/1987",34,NA,"2021-08-01",NA,1.04729047152059
"279",19,"RIACHO DA FORQUILHA",31.5595588837,"31/05/1989",32,NA,"2021-08-01",NA,0.986236215115625
"280",20,"RIACHUELO",50.6117568802,"31/10/1965",55,NA,"2021-08-01",NA,0.920213761458182
"281",1,"CANTO DO AMARO",289.5756875899,"31/01/1986",35,NA,"2021-09-01",NA,8.27359107399714
"282",2,"CARMÓPOLIS",398.6567950864,"31/10/1963",57,NA,"2021-09-01",NA,6.99397886116491
"283",3,"LESTE DO URUCU",164.4828351651,"31/03/1992",29,NA,"2021-09-01",NA,5.67182190224483
"284",4,"ÁGUA GRANDE",319.2851561703,"31/07/1951",70,NA,"2021-09-01",NA,4.56121651671857
"285",5,"RIO URUCU",137.380186388,"31/07/1988",33,NA,"2021-09-01",NA,4.16303595115152
"286",6,"MIRANGA",223.0154269432,"31/07/1965",56,NA,"2021-09-01",NA,3.98241833827143
"287",7,"BURACICA",195.2631164313,"31/05/1959",62,NA,"2021-09-01",NA,3.14940510373064
"288",8,"ARAÇÁS",163.4572335631,"30/04/1965",56,NA,"2021-09-01",NA,2.91887917076964
"289",9,"ESTREITO",109.0719746753,"31/03/1982",39,NA,"2021-09-01",NA,2.79671729936667
"290",10,"FAZENDA ALEGRE",56.9453223178,"31/10/1996",24,NA,"2021-09-01",NA,2.37272176324167
"291",11,"TAQUIPE",115.6428681581,"31/03/1959",62,NA,"2021-09-01",NA,1.8652075509371
"292",12,"SIRIRIZINHO",84.3987587857,"30/11/1967",53,NA,"2021-09-01",NA,1.59242941105094
"293",13,"FAZENDA BÁLSAMO",55.0315642874,"31/08/1983",38,NA,"2021-09-01",NA,1.44819906019474
"294",14,"ALTO DO RODRIGUES",56.4535373536,"30/06/1981",40,NA,"2021-09-01",NA,1.41133843384
"295",15,"FAZENDA POCINHO",53.5281490185,"31/10/1982",38,NA,"2021-09-01",NA,1.40863550048684
"296",16,"CANDEIAS",110.6345986742,"31/12/1941",79,NA,"2021-09-01",NA,1.40043795790127
"297",17,"PILAR",49.3716110254,"31/01/1982",39,NA,"2021-09-01",NA,1.26593874424103
"298",18,"FAZENDA BELÉM",35.6087537571,"31/05/1987",34,NA,"2021-09-01",NA,1.04731628697353
"299",19,"RIACHO DA FORQUILHA",31.5611648713,"31/05/1989",32,NA,"2021-09-01",NA,0.986286402228125
"300",20,"RIACHUELO",50.6126972757,"31/10/1965",55,NA,"2021-09-01",NA,0.920230859558182
"301",1,"CANTO DO AMARO",289.5831641568,"31/01/1986",35,NA,"2021-10-01",NA,8.27380469019429
"302",2,"CARMÓPOLIS",398.6612534529,"31/10/1963",58,NA,"2021-10-01",NA,6.87346988711897
"303",3,"LESTE DO URUCU",164.4901319995,"31/03/1992",29,NA,"2021-10-01",NA,5.67207351722414
"304",4,"ÁGUA GRANDE",319.2857756457,"31/07/1951",70,NA,"2021-10-01",NA,4.56122536636714
"305",5,"RIO URUCU",137.3852797259,"31/07/1988",33,NA,"2021-10-01",NA,4.16319029472424
"306",6,"MIRANGA",223.0161121929,"31/07/1965",56,NA,"2021-10-01",NA,3.98243057487321
"307",7,"BURACICA",195.265576716,"31/05/1959",62,NA,"2021-10-01",NA,3.14944478574194
"308",8,"ARAÇÁS",163.4601010315,"30/04/1965",56,NA,"2021-10-01",NA,2.9189303755625
"309",9,"ESTREITO",109.0775602893,"31/03/1982",39,NA,"2021-10-01",NA,2.79686052023846
"310",10,"FAZENDA ALEGRE",56.9491590281,"31/10/1996",25,NA,"2021-10-01",NA,2.277966361124
"311",11,"TAQUIPE",115.6442921105,"31/03/1959",62,NA,"2021-10-01",NA,1.86523051791129
"312",12,"SIRIRIZINHO",84.3998316577,"30/11/1967",53,NA,"2021-10-01",NA,1.59244965391887
"313",13,"FAZENDA BÁLSAMO",55.0327518143,"31/08/1983",38,NA,"2021-10-01",NA,1.44823031090263
"314",14,"ALTO DO RODRIGUES",56.4560852831,"30/06/1981",40,NA,"2021-10-01",NA,1.4114021320775
"315",15,"CANDEIAS",110.6352667364,"31/12/1941",79,NA,"2021-10-01",NA,1.40044641438481
"316",16,"FAZENDA POCINHO",53.5299320613,"31/10/1982",39,NA,"2021-10-01",NA,1.37256236054615
"317",17,"PILAR",49.3720812171,"31/01/1982",39,NA,"2021-10-01",NA,1.26595080043846
"318",18,"FAZENDA BELÉM",35.6095757615,"31/05/1987",34,NA,"2021-10-01",NA,1.04734046357353
"319",19,"RIACHO DA FORQUILHA",31.5627150074,"31/05/1989",32,NA,"2021-10-01",NA,0.98633484398125
"320",20,"RIACHUELO",50.6137810422,"31/10/1965",56,NA,"2021-10-01",NA,0.903817518610714
"321",1,"CARMÓPOLIS",399.2769629626,"31/10/1963",58,NA,"2021-12-01",NA,6.88408556832069
"322",2,"ÁGUA GRANDE",319.3658356272,"31/07/1951",70,NA,"2021-12-01",NA,4.56236908038857
"323",3,"CANTO DO AMARO",290.4636236255,"31/01/1986",35,NA,"2021-12-01",NA,8.29896067501429
"324",4,"MIRANGA",223.0981115503,"31/07/1965",56,NA,"2021-12-01",NA,3.9838948491125
"325",5,"BURACICA",195.5622485363,"31/05/1959",62,NA,"2021-12-01",NA,3.15422981510161
"326",6,"LESTE DO URUCU",165.3839949917,"31/03/1992",29,NA,"2021-12-01",NA,5.70289637902414
"327",7,"ARAÇÁS",163.8093753518,"30/04/1965",56,NA,"2021-12-01",NA,2.92516741699643
"328",8,"RIO URUCU",137.9904912116,"31/07/1988",33,NA,"2021-12-01",NA,4.18153003671515
"329",9,"TAQUIPE",115.8202679877,"31/03/1959",62,NA,"2021-12-01",NA,1.86806883851129
"330",10,"CANDEIAS",110.7273659106,"31/12/1941",80,NA,"2021-12-01",NA,1.3840920738825
"331",11,"ESTREITO",109.8135703124,"31/03/1982",39,NA,"2021-12-01",NA,2.81573257211282
"332",12,"SIRIRIZINHO",84.540779876,"30/11/1967",54,NA,"2021-12-01",NA,1.5655699977037
"333",13,"FAZENDA ALEGRE",57.4439016524,"31/10/1996",25,NA,"2021-12-01",NA,2.297756066096
"334",14,"ALTO DO RODRIGUES",56.7778259427,"30/06/1981",40,NA,"2021-12-01",NA,1.4194456485675
"335",15,"FAZENDA BÁLSAMO",55.1677370489,"31/08/1983",38,NA,"2021-12-01",NA,1.45178255391842
"336",16,"FAZENDA POCINHO",53.7391741065,"31/10/1982",39,NA,"2021-12-01",NA,1.37792754119231
"337",17,"RIACHUELO",50.740701502,"31/10/1965",56,NA,"2021-12-01",NA,0.906083955392857
"338",18,"PILAR",49.4223384146,"31/01/1982",39,NA,"2021-12-01",NA,1.26723944652821
"339",19,"FAZENDA BELÉM",35.7160700912,"31/05/1987",34,NA,"2021-12-01",NA,1.05047264974118
"340",20,"LAGOA PARDA",34.0320483971,"30/06/1978",43,NA,"2021-12-01",NA,0.79144298597907
"341",1,"LESTE DO URUCU",431.261721805662,"31/03/1992",29,NA,"2021-11-01",NA,5.7026337484
"342",2,"RIO URUCU",425.699481981159,"31/07/1988",33,NA,"2021-11-01",NA,4.18139289322424
"343",3,"ÁGUA GRANDE",417.542795483741,"31/07/1951",70,NA,"2021-11-01",NA,4.56235897906714
"344",4,"CARMÓPOLIS",414.616583565145,"31/10/1963",58,NA,"2021-11-01",NA,6.88400700993276
"345",5,"MIRANGA",357.352194834191,"31/07/1965",56,NA,"2021-11-01",NA,3.98388267101071
"346",6,"CANTO DO AMARO",292.127713356767,"31/01/1986",35,NA,"2021-11-01",NA,8.29875156568
"347",7,"BURACICA",197.015324268869,"31/05/1959",62,NA,"2021-11-01",NA,3.15419191205161
"348",8,"ARAÇÁS",185.690857696314,"30/04/1965",56,NA,"2021-11-01",NA,2.92511953122321
"349",9,"CANDEIAS",151.737244459547,"31/12/1941",79,NA,"2021-11-01",NA,1.40160392417975
"350",10,"TAQUIPE",134.576903367993,"31/03/1959",62,NA,"2021-11-01",NA,1.86804616533226
"351",11,"PILAR",114.865821282446,"31/01/1982",39,NA,"2021-11-01",NA,1.26722797258974
"352",12,"ESTREITO",110.251799874502,"31/03/1982",39,NA,"2021-11-01",NA,2.81559380065897
"353",13,"SIRIRIZINHO",88.1355471027961,"30/11/1967",54,NA,"2021-11-01",NA,1.565548633
"354",14,"FAZENDA ALEGRE",58.8820866079042,"31/10/1996",25,NA,"2021-11-01",NA,2.297593099456
"355",15,"FAZENDA BÁLSAMO",58.5369920015784,"31/08/1983",38,NA,"2021-11-01",NA,1.45175736746053
"356",16,"ALTO DO RODRIGUES",57.1719644943596,"30/06/1981",40,NA,"2021-11-01",NA,1.419381376825
"357",17,"FAZENDA POCINHO",54.4820776973102,"31/10/1982",39,NA,"2021-11-01",NA,1.3778766319641
"358",18,"FURADO",54.4147463080583,"31/05/1969",52,NA,"2021-11-01",NA,0.516461166311539
"359",19,"RIACHUELO",51.397020486745,"31/10/1965",56,NA,"2021-11-01",NA,0.906066457228571
"360",20,"GAVIÃO REAL",47.5036293719308,"19/11/2012",9,NA,"2021-11-01",NA,0.00574712297777778
"361",1,"CANTO DO AMARO",288.1588366216,"31/01/1986",35,NA,"2021-02-01",NA,8.23310961776
"362",2,"CARMÓPOLIS",397.773717097,"31/10/1963",57,NA,"2021-02-01",NA,6.97848626485965
"363",3,"LESTE DO URUCU",163.0208426635,"31/03/1992",28,NA,"2021-02-01",NA,5.82217295226786
"364",4,"ÁGUA GRANDE",319.1851323018,"31/07/1951",69,NA,"2021-02-01",NA,4.62587148263478
"365",5,"RIO URUCU",136.4049368605,"31/07/1988",32,NA,"2021-02-01",NA,4.26265427689063
"366",6,"MIRANGA",222.9152392653,"31/07/1965",55,NA,"2021-02-01",NA,4.05300435027818
"367",7,"BURACICA",194.8039299428,"31/05/1959",61,NA,"2021-02-01",NA,3.19350704824262
"368",8,"ARAÇÁS",162.8613357122,"30/04/1965",55,NA,"2021-02-01",NA,2.96111519476727
"369",9,"ESTREITO",108.0917824467,"31/03/1982",38,NA,"2021-02-01",NA,2.84452059070263
"370",10,"FAZENDA ALEGRE",56.1641906259,"31/10/1996",24,NA,"2021-02-01",NA,2.3401746094125
"371",11,"TAQUIPE",115.3666894885,"31/03/1959",61,NA,"2021-02-01",NA,1.89125720472951
"372",12,"SIRIRIZINHO",84.1737802031,"30/11/1967",53,NA,"2021-02-01",NA,1.58818453213396
"373",13,"FAZENDA BÁLSAMO",54.7921142699,"31/08/1983",37,NA,"2021-02-01",NA,1.48086795324054
"374",14,"ALTO DO RODRIGUES",55.8966334572,"30/06/1981",39,NA,"2021-02-01",NA,1.43324701172308
"375",15,"FAZENDA POCINHO",53.1895947684,"31/10/1982",38,NA,"2021-02-01",NA,1.39972617811579
"376",16,"CANDEIAS",110.5024135667,"31/12/1941",79,NA,"2021-02-01",NA,1.3987647286924
"377",17,"PILAR",49.2922254023,"31/01/1982",39,NA,"2021-02-01",NA,1.26390321544359
"378",18,"FAZENDA BELÉM",35.4313347514,"31/05/1987",33,NA,"2021-02-01",NA,1.07367681064848
"379",19,"RIACHO DA FORQUILHA",31.2571770089,"31/05/1989",31,NA,"2021-02-01",NA,1.00829603254516
"380",20,"RIACHUELO",50.4205369081,"31/10/1965",55,NA,"2021-02-01",NA,0.916737034692727
"381",1,"CARMÓPOLIS",399.2935357048,"31/10/1963",58,NA,"2022-04-01",NA,6.88437130525517
"382",2,"ÁGUA GRANDE",319.3691800068,"31/07/1951",70,NA,"2022-04-01",NA,4.56241685724
"383",3,"CANTO DO AMARO",290.4917975966,"31/01/1986",36,NA,"2022-04-01",NA,8.06921659990555
"384",4,"MIRANGA",223.1021085107,"31/07/1965",56,NA,"2022-04-01",NA,3.98396622340536
"385",5,"BURACICA",195.5712716094,"31/05/1959",62,NA,"2022-04-01",NA,3.15437534853871
"386",6,"LESTE DO URUCU",165.4128843078,"31/03/1992",30,NA,"2022-04-01",NA,5.51376281026
"387",7,"ARAÇÁS",163.8184906888,"30/04/1965",57,NA,"2022-04-01",NA,2.87400860857544
"388",8,"RIO URUCU",138.0086608127,"31/07/1988",33,NA,"2022-04-01",NA,4.18208063068788
"389",9,"TAQUIPE",115.825658857,"31/03/1959",63,NA,"2022-04-01",NA,1.83850252153968
"390",10,"CANDEIAS",110.7294311878,"31/12/1941",80,NA,"2022-04-01",NA,1.3841178898475
"391",11,"ESTREITO",109.830884546,"31/03/1982",40,NA,"2022-04-01",NA,2.74577211365
"392",12,"SIRIRIZINHO",84.5455019263,"30/11/1967",54,NA,"2022-04-01",NA,1.56565744307963
"393",13,"FAZENDA ALEGRE",57.4604441524,"31/10/1996",25,NA,"2022-04-01",NA,2.298417766096
"394",14,"ALTO DO RODRIGUES",56.7886961215,"30/06/1981",40,NA,"2022-04-01",NA,1.4197174030375
"395",15,"FAZENDA BÁLSAMO",55.171524295,"31/08/1983",38,NA,"2022-04-01",NA,1.45188221828947
"396",16,"FAZENDA POCINHO",53.7464752212,"31/10/1982",39,NA,"2022-04-01",NA,1.37811474926154
"397",17,"RIACHUELO",50.7446545,"31/10/1965",56,NA,"2022-04-01",NA,0.906154544642857
"398",18,"PILAR",49.4269602017,"31/01/1982",40,NA,"2022-04-01",NA,1.2356740050425
"399",19,"FAZENDA BELÉM",35.7193726914,"31/05/1987",34,NA,"2022-04-01",NA,1.05056978504118
"400",20,"LAGOA PARDA",34.0327993291,"30/06/1978",43,NA,"2022-04-01",NA,0.791460449513954
"401",1,"CARMÓPOLIS",399.2814041434,"31/10/1963",58,NA,"2022-02-01",NA,6.88416214040345
"402",2,"ÁGUA GRANDE",319.3665614239,"31/07/1951",70,NA,"2022-02-01",NA,4.56237944891286
"403",3,"CANTO DO AMARO",290.470873947,"31/01/1986",36,NA,"2022-02-01",NA,8.06863538741666
"404",4,"MIRANGA",223.0988997347,"31/07/1965",56,NA,"2022-02-01",NA,3.98390892383393
"405",5,"BURACICA",195.5644935914,"31/05/1959",62,NA,"2022-02-01",NA,3.15426602566774
"406",6,"LESTE DO URUCU",165.3916723237,"31/03/1992",29,NA,"2022-02-01",NA,5.70316111461034
"407",7,"ARAÇÁS",163.811982608,"30/04/1965",56,NA,"2022-02-01",NA,2.92521397514286
"408",8,"RIO URUCU",137.9949940247,"31/07/1988",33,NA,"2022-02-01",NA,4.18166648559697
"409",9,"TAQUIPE",115.8214280531,"31/03/1959",62,NA,"2022-02-01",NA,1.86808754924355
"410",10,"CANDEIAS",110.728081379,"31/12/1941",80,NA,"2022-02-01",NA,1.3841010172375
"411",11,"ESTREITO",109.8183997973,"31/03/1982",39,NA,"2022-02-01",NA,2.81585640505897
"412",12,"SIRIRIZINHO",84.5419346153,"30/11/1967",54,NA,"2022-02-01",NA,1.56559138176481
"413",13,"FAZENDA ALEGRE",57.4481801213,"31/10/1996",25,NA,"2022-02-01",NA,2.297927204852
"414",14,"ALTO DO RODRIGUES",56.7803279627,"30/06/1981",40,NA,"2022-02-01",NA,1.4195081990675
"415",15,"FAZENDA BÁLSAMO",55.1686038991,"31/08/1983",38,NA,"2022-02-01",NA,1.45180536576579
"416",16,"FAZENDA POCINHO",53.7412656686,"31/10/1982",39,NA,"2022-02-01",NA,1.37798117098974
"417",17,"RIACHUELO",50.7417017923,"31/10/1965",56,NA,"2022-02-01",NA,0.906101817719643
"418",18,"PILAR",49.422872091,"31/01/1982",40,NA,"2022-02-01",NA,1.235571802275
"419",19,"FAZENDA BELÉM",35.7168214923,"31/05/1987",34,NA,"2022-02-01",NA,1.05049474977353
"420",20,"LAGOA PARDA",34.0322321174,"30/06/1978",43,NA,"2022-02-01",NA,0.791447258544186
"421",1,"CARMÓPOLIS",399.2814041434,"31/10/1963",58,NA,"2022-01-01",NA,6.88416214040345
"422",2,"ÁGUA GRANDE",319.3665614239,"31/07/1951",70,NA,"2022-01-01",NA,4.56237944891286
"423",3,"CANTO DO AMARO",290.470873947,"31/01/1986",36,NA,"2022-01-01",NA,8.06863538741666
"424",4,"MIRANGA",223.0988997347,"31/07/1965",56,NA,"2022-01-01",NA,3.98390892383393
"425",5,"BURACICA",195.5644935914,"31/05/1959",62,NA,"2022-01-01",NA,3.15426602566774
"426",6,"LESTE DO URUCU",165.3916723237,"31/03/1992",29,NA,"2022-01-01",NA,5.70316111461034
"427",7,"ARAÇÁS",163.811982608,"30/04/1965",56,NA,"2022-01-01",NA,2.92521397514286
"428",8,"RIO URUCU",137.9949940247,"31/07/1988",33,NA,"2022-01-01",NA,4.18166648559697
"429",9,"TAQUIPE",115.8214280531,"31/03/1959",62,NA,"2022-01-01",NA,1.86808754924355
"430",10,"CANDEIAS",110.728081379,"31/12/1941",80,NA,"2022-01-01",NA,1.3841010172375
"431",11,"ESTREITO",109.8183997973,"31/03/1982",39,NA,"2022-01-01",NA,2.81585640505897
"432",12,"SIRIRIZINHO",84.5419346153,"30/11/1967",54,NA,"2022-01-01",NA,1.56559138176481
"433",13,"FAZENDA ALEGRE",57.4481801213,"31/10/1996",25,NA,"2022-01-01",NA,2.297927204852
"434",14,"ALTO DO RODRIGUES",56.7803279627,"30/06/1981",40,NA,"2022-01-01",NA,1.4195081990675
"435",15,"FAZENDA BÁLSAMO",55.1686038991,"31/08/1983",38,NA,"2022-01-01",NA,1.45180536576579
"436",16,"FAZENDA POCINHO",53.7412656686,"31/10/1982",39,NA,"2022-01-01",NA,1.37798117098974
"437",17,"RIACHUELO",50.7417017923,"31/10/1965",56,NA,"2022-01-01",NA,0.906101817719643
"438",18,"PILAR",49.422872091,"31/01/1982",40,NA,"2022-01-01",NA,1.235571802275
"439",19,"FAZENDA BELÉM",35.7168214923,"31/05/1987",34,NA,"2022-01-01",NA,1.05049474977353
"440",20,"LAGOA PARDA",34.0322321174,"30/06/1978",43,NA,"2022-01-01",NA,0.791447258544186
"441",1,"LESTE DO URUCU",431.450699020368,"31/03/1992",30,NA,"2022-03-01",NA,5.51352232255667
"442",2,"RIO URUCU",425.87905971297,"31/07/1988",33,NA,"2022-03-01",NA,4.1819360667697
"443",3,"ÁGUA GRANDE",417.546295285428,"31/07/1951",70,NA,"2022-03-01",NA,4.56240249364143
"444",4,"CARMÓPOLIS",414.634980709656,"31/10/1963",58,NA,"2022-03-01",NA,6.88431591387759
"445",5,"MIRANGA",357.363743440451,"31/07/1965",56,NA,"2022-03-01",NA,3.98394520024643
"446",6,"CANTO DO AMARO",292.157037441406,"31/01/1986",36,NA,"2022-03-01",NA,8.06902950473055
"447",7,"BURACICA",197.024580544215,"31/05/1959",62,NA,"2022-03-01",NA,3.15433965298871
"448",8,"ARAÇÁS",185.705591193235,"30/04/1965",56,NA,"2022-03-01",NA,2.92529614979643
"449",9,"CANDEIAS",151.742599723008,"31/12/1941",80,NA,"2022-03-01",NA,1.38411336686375
"450",10,"TAQUIPE",134.582919910303,"31/03/1959",63,NA,"2022-03-01",NA,1.83848094494603
"451",11,"PILAR",114.873013324145,"31/01/1982",40,NA,"2022-03-01",NA,1.23563544707
"452",12,"ESTREITO",110.271013889619,"31/03/1982",40,NA,"2022-03-01",NA,2.7456830554175
"453",13,"SIRIRIZINHO",88.1404330187527,"30/11/1967",54,NA,"2022-03-01",NA,1.56563538662037
"454",14,"FAZENDA ALEGRE",58.8991537350478,"31/10/1996",25,NA,"2022-03-01",NA,2.29825786676
"455",15,"FAZENDA BÁLSAMO",58.5408454705283,"31/08/1983",38,NA,"2022-03-01",NA,1.45185641354211
"456",16,"ALTO DO RODRIGUES",57.1831072861555,"30/06/1981",40,NA,"2022-03-01",NA,1.4196588657475
"457",17,"FAZENDA POCINHO",54.4902938162968,"31/10/1982",39,NA,"2022-03-01",NA,1.37807620294103
"458",18,"FURADO",54.4187435209504,"31/05/1969",52,NA,"2022-03-01",NA,0.516500642023077
"459",19,"RIACHUELO",51.4010732388573,"31/10/1965",56,NA,"2022-03-01",NA,0.906137290976786
"460",20,"GAVIÃO REAL",47.508022124536,"19/11/2012",9,NA,"2022-03-01",NA,0.00574780943333333
