Bacia,Petróleo (bbl/d),Gás Natural (Mm³/d),Produção Total (boe/d),Nº Campos produtores,mes
Santos,2215294.93315227,99698.3850658064,2842378.83252303,25,2022-03-01
Campos,668976.863265267,13195.4193703226,751973.543974916,29,2022-03-01
Solimões,13667.318872271,13724.1032845161,99989.3209522534,7,2022-03-01
Potiguar,35649.2992154272,896.977172580646,41291.1152052966,72,2022-03-01
Recôncavo,20515.7715884855,2169.38649709677,34160.8004717898,78,2022-03-01
Espírito Santo,15811.0535955926,788.90197967742,20773.0971563874,33,2022-03-01
Camamu,255.789732240968,2892.71565580645,18450.4215912889,1,2022-03-01
Sergipe,7779.11672045618,50.360845483871,8095.87686998908,17,2022-03-01
Alagoas,3056.55144647048,569.282848064516,6637.23239705515,11,2022-03-01
Amazonas,152.682500087742,349.35890516129,2350.08363536028,1,2022-03-01
Tucano Sul,6.6306608908129,76.7825916129032,489.578573443568,5,2022-03-01
Parnaíba,1.50633442307419,30.5842067741936,193.875184033465,5,2022-03-01
Barreirinhas,15.9882912258065,0.101677419354839,16.6278228748387,1,2022-03-01
Total Geral,2981183.50537511,134442.360100323,3826800.40635772,285,2022-03-01
Santos,2293032.9704859657,102632.41687419356,2938571.372465437,27,2022-08-01
Campos,717646.0705908303,11923.264950967741,792641.141712077,29,2022-08-01
Solimões,13372.823881158065,13198.637418709677,96389.74550373238,7,2022-08-01
Potiguar,32687.25991487578,910.2331516129035,38412.45349422214,74,2022-08-01
Recôncavo,19402.501828439752,2377.4166390322575,34356.00077879126,72,2022-08-01
Parnaíba,29.66373409783226,4586.693747741936,28879.09593558254,6,2022-08-01
Camamu,235.29996602612906,2560.394387096774,16339.69418593129,1,2022-08-01
Espírito Santo,7801.503990464902,651.7012967741935,11900.58132392819,27,2022-08-01
Alagoas,1741.0035982582192,552.400174516129,5215.495739931513,11,2022-08-01
Amazonas,168.03369037173547,390.39918064516127,2623.570360785477,1,2022-08-01
Tucano Sul,17.773775532564517,149.80238129032261,960.0022913962486,5,2022-08-01
Sergipe,473.8155791540193,5.614698064516128,509.1309631871935,7,2022-08-01
Paraná,0.08851612903225807,23.761612903225807,149.45603045483873,1,2022-08-01
Barreirinhas,13.918740838709676,0.08851612903225807,14.475490472258063,1,2022-08-01
Total,3086622.6397760133,139962.82502967742,3966962.21627593,269,2022-08-01
Santos,2316461.9441046785,104262.26609258067,2972251.7879964532,29,2022-12-01
Campos,681128.5379962503,11000.080604516128,750316.9549833419,30,2022-12-01
Solimões,12120.202666364527,13315.796413548387,95874.03210626531,7,2022-12-01
Potiguar,33150.47467463243,1025.5196499999997,39600.798424398934,70,2022-12-01
Recôncavo,18345.47820127904,2482.5909841935486,33960.50379956945,70,2022-12-01
Parnaíba,14.642768983693546,3850.895953225806,24236.046644542905,6,2022-12-01
Camamu,116.75835172129032,2005.1311703225806,12728.652438127961,1,2022-12-01
Espírito Santo,4985.457133014343,574.0142987096775,8595.898009181461,27,2022-12-01
Alagoas,2327.989975711322,849.5511287096775,7671.505160580739,7,2022-12-01
Amazonas,761.6649436862515,601.8009680645162,4546.878690628127,2,2022-12-01
Sergipe,4272.714883388194,37.707532903225804,4509.888100918233,15,2022-12-01
Tucano Sul,5.685188825438709,110.57656548387097,701.190776171545,6,2022-12-01
Paraná,0,26.903225806451612,169.21617870967742,1,2022-12-01
Barreirinhas,73.7936740967742,0.4692903225806452,76.74542106064516,1,2022-12-01
Total,3073765.344562632,140143.30387838715,3955240.09872995,272,2022-12-01
Santos,2254982.3497371296,100332.77154741934,2886056.419543804,27,2022-07-01
Campos,630213.01669201,10711.155799032256,697584.1515483212,31,2022-07-01
Solimões,12960.47002447097,13212.969999999998,96067.54086017096,7,2022-07-01
Potiguar,33073.13334682754,901.0902764516129,38740.819978555635,73,2022-07-01
Recôncavo,19691.402910073106,2221.0380874193547,33661.31048270424,72,2022-07-01
Parnaíba,26.34079704026774,3361.3946948387097,21168.87476258373,6,2022-07-01
Camamu,213.91542361451613,2897.25970967742,18437.128518140646,1,2022-07-01
Espírito Santo,7755.165531799343,481.5880793548388,10784.263049206204,28,2022-07-01
Alagoas,2896.8533734675743,895.0474970967741,8526.532071181833,9,2022-07-01
Amazonas,209.19432874999353,464.67951032258065,3131.9401595720647,1,2022-07-01
Tucano Sul,16.66392638423871,133.08164354838706,853.7221787913194,5,2022-07-01
Sergipe,470.9930776407936,5.669839354838709,506.6552899132517,8,2022-07-01
Paraná,0,11.855161290322581,74.56671203548386,1,2022-07-01
Barreirinhas,16.617272225806452,0.10567741935483871,17.28196311483871,1,2022-07-01
Total,2962526.1164414342,135629.70752322578,3815611.2071180954,270,2022-07-01
Santos,2292368.938740481,103976.36616033332,2946360.5263794074,28,2022-11-01
Campos,721411.1542479845,12439.013579333336,799650.1862494111,32,2022-11-01
Solimões,12588.176236106732,13522.336407,97641.1029922194,7,2022-11-01
Potiguar,33938.40292408816,984.3046930000002,40129.49242516649,69,2022-11-01
Recôncavo,19381.438973626315,2254.0751206666678,33559.143208346744,70,2022-11-01
Parnaíba,21.25826838895,3311.0446016666665,20847.09971439797,6,2022-11-01
Camamu,166.61056742966667,1729.6874376666667,11046.015909739845,1,2022-11-01
Espírito Santo,7693.4787172545975,502.65036833333335,10855.054030501278,30,2022-11-01
Alagoas,2403.3201628071834,855.1451456666668,7782.020651472838,8,2022-11-01
Sergipe,4995.584001904644,27.829968666666666,5170.629217123931,16,2022-11-01
Amazonas,488.17458356245993,616.7265223333333,4367.267230999883,2,2022-11-01
Tucano Sul,8.52152054873667,132.38813466666667,841.2177338564834,6,2022-11-01
Paraná,0,28.35,178.3161135,1,2022-11-01
Barreirinhas,15.892253266666666,0.10106666666666667,16.527943397333335,1,2022-11-01
Total,3095480.95119745,140380.019206,3978444.5997995394,277,2022-11-01
Santos,2422041.322338281,111036.45523838709,3120439.52886124,27,2022-10-01
Campos,743463.9951860914,12992.298896451613,825183.0867079819,32,2022-10-01
Solimões,13331.182534920188,13863.504719999999,100529.9931578234,7,2022-10-01
Potiguar,34171.93087289943,960.8282070967739,40215.357738178776,74,2022-10-01
Recôncavo,19074.44342102901,2273.5315616129024,33374.52497257748,72,2022-10-01
Parnaíba,25.041123455112906,3625.7661958064523,22830.421599500492,6,2022-10-01
Camamu,194.7483435735484,1947.3494548387098,12443.206418112615,1,2022-10-01
Espírito Santo,7786.604680421016,457.71632354838727,10665.553389438895,29,2022-10-01
Alagoas,2500.1530115648384,910.1026222580646,8224.525586069836,8,2022-10-01
Amazonas,209.69515994367094,517.5380838709677,3464.911375256123,1,2022-10-01
Sergipe,1693.5635402402868,13.898767419354838,1780.9841465422196,18,2022-10-01
Tucano Sul,11.933768106403226,125.32420838709676,800.1992272616483,6,2022-10-01
Paraná,0,26.42258064516129,166.19301196774194,1,2022-10-01
Barreirinhas,13.208600999999998,0.084,13.73694504,1,2022-10-01
Total,3244517.8225815264,148750.8208603226,4180132.2231369917,283,2022-10-01
Santos,2310563.4255325687,104494.70727066668,2967815.2802706813,27,2022-09-01
Campos,761215.2433989265,13787.017398,847932.9632990411,31,2022-09-01
Solimões,12885.537042393491,12745.834885666667,93054.41676460856,7,2022-09-01
Potiguar,33017.49436889599,960.7302686666669,39060.305220058304,73,2022-09-01
Recôncavo,18593.011971522392,2409.4724519999986,33748.13589483652,72,2022-09-01
Parnaíba,32.66067496973,4918.273933666667,30967.66924568567,6,2022-09-01
Espírito Santo,8018.571822078794,567.5681153333335,11588.467429583545,28,2022-09-01
Camamu,131.47191488366667,1702.2923633333335,10838.5674447013,1,2022-09-01
Alagoas,2695.7510747208366,893.4198506666667,8315.192185642543,9,2022-09-01
Amazonas,185.67099380012667,428.5975613333333,2881.46822105014,1,2022-09-01
Tucano Sul,15.00956858711,139.10532666666668,889.9556433083767,5,2022-09-01
Sergipe,478.2714454457266,5.938567666666668,515.6239077412034,6,2022-09-01
Paraná,0,17.255999999999997,108.53696135999999,1,2022-09-01
Barreirinhas,15.368102433333332,0.09773333333333332,15.982826530666667,1,2022-09-01
Total,3147847.487911226,143070.31172700002,4047732.5653148293,268,2022-09-01
Santos,2298690.784906505,104040.73303333335,2953087.2279468956,28,2023-04-01
Campos,769912.7369182438,12928.102400000002,851228.0446747878,30,2023-04-01
Solimões,12367.000520722,14407.531233333333,102987.63454745433,7,2023-04-01
Potiguar,31591.388609960326,971.6870333333335,37703.11542909066,67,2023-04-01
Recôncavo,11013.915627488666,2222.4182666666666,24992.504265351334,53,2023-04-01
Parnaíba,11.766347567,2323.555,14626.485822116998,7,2023-04-01
Camamu,197.889373239,2003.8650333333333,12801.819698549334,1,2023-04-01
Espírito Santo,8617.144530166664,604.09759999999994,12416.803655622663,32,2023-04-01
Alagoas,2210.2765535393337,1300.5777666666665,10390.663596097003,9,2023-04-01
Sergipe,6288.453707303666,51.9063,6614.934472106668,16,2023-04-01
Amazonas,211.95150145600002,581.2629,3867.9847025049994,1,2023-04-01
Tucano Sul,16.063336098666667,137.66996666666668,881.9812691383335,6,2023-04-01
Paraná,0,27.461000000000002,172.72447241,1,2023-04-01
Barreirinhas,57.20582195,0.3638,59.494054828,1,2023-04-01
Total,3141186.5777542396,141601.23133333336,4031831.418606953,259,2023-04-01
Santos,2655121.688777196,118071.55709677421,3397769.3493200573,28,2023-12-01
Campos,836472.3292144727,12893.229612903226,917568.2937660075,31,2023-12-01
Solimões,12767.541262061291,14018.889580645158,100943.693135299,7,2023-12-01
Recôncavo,20040.557926596448,2889.7249032258055,38216.378520155165,72,2023-12-01
Potiguar,30610.662964361287,943.625,36545.88492561129,68,2023-12-01
Espírito Santo,18950.814460281286,768.024290322581,23781.54132179516,26,2023-12-01
Parnaíba,29.053849772580644,3216.619225806451,20260.97762244226,6,2023-12-01
Camamu,145.84649110322582,1865.0707741935482,11876.787297333547,2,2023-12-01
Sergipe,8203.298230068065,60.15593548387098,8581.667634633872,18,2023-12-01
Alagoas,2138.0531136009677,960.559322580645,8179.7887463619345,10,2023-12-01
Amazonas,263.14880994096774,780.5408387096774,5172.602382665483,1,2023-12-01
Tucano Sul,6.079811504838711,123.25490322580644,781.3297343635484,6,2023-12-01
Paraná,0,26.74483870967742,168.21995396451615,1,2023-12-01
Barreirinhas,20.39115822580645,0.1296774193548387,21.206804554838712,1,2023-12-01
Total,3584769.466069185,156618.126,4569867.721165245,277,2023-12-01
Santos,2478960.01426613,112757.72671428572,3188184.691330913,30,2023-02-01
Campos,712868.0420942911,12394.021999999999,790824.0856101107,31,2023-02-01
Solimões,12380.0616256775,14222.55667857143,101837.24084812286,7,2023-02-01
Potiguar,32145.237844486077,932.7983571428568,38012.36227922678,68,2023-02-01
Recôncavo,9675.703229612143,2132.3307857142854,23087.658728905717,48,2023-02-01
Camamu,218.33547889714285,1795.5805357142856,11512.195888238213,1,2023-02-01
Espírito Santo,7643.758544049285,513.4874285714286,10873.49690715214,29,2023-02-01
Alagoas,2285.2155662885716,974.2106071428572,8412.815185201787,8,2023-02-01
Sergipe,5083.945373049642,41.21910714285713,5343.205725347856,16,2023-02-01
Amazonas,221.15713259035715,605.5835,4030.162286725357,1,2023-02-01
Tucano Sul,3.9508992242857146,133.39671428571427,842.9908867057144,6,2023-02-01
Paraná,0,25.666785714285712,161.43920545357145,1,2023-02-01
Barreirinhas,69.95167264285713,0.44485714285714284,72.74973954857143,1,2023-02-01
Parnaíba,1.4289100503571426,10.476535714285715,67.32432915142857,4,2023-02-01
Total,3261556.80263699,146539.50060714284,4183262.4189508036,251,2023-02-01
Santos,2405134.566578204,109193.27719354835,3091939.5334029556,29,2023-01-01
Campos,799219.7423385595,11888.819387096775,873998.1574077148,31,2023-01-01
Solimões,11930.164856861615,12790.583516129034,92380.50496244515,7,2023-01-01
Potiguar,31771.88281703096,957.4290000000004,37793.92931552096,69,2023-01-01
Recôncavo,12002.632395533872,2227.4688064516126,26012.987969041296,59,2023-01-01
Parnaíba,24.46533192903226,2712.1283870967745,17083.237582374197,6,2023-01-01
Espírito Santo,6730.449335154195,490.8408064516128,9817.744747981613,28,2023-01-01
Camamu,106.99352314483869,1299.2867419354839,8279.260265438064,1,2023-01-01
Alagoas,2336.702965448387,804.9151612903224,7399.466396083871,6,2023-01-01
Amazonas,1318.5557976719356,693.554064516129,5680.879088206129,2,2023-01-01
Sergipe,3709.575736206452,40.46254838709677,3964.0774776770972,15,2023-01-01
Tucano Sul,5.7990019229032255,116.27677419354839,737.1578190132258,6,2023-01-01
Paraná,0,27.701612903225808,174.23788185483872,1,2023-01-01
Barreirinhas,91.34427296774193,0.5809032258064516,94.99804388645161,1,2023-01-01
Total,3274382.8749506343,143243.3249032258,4175356.1723601925,261,2023-01-01
Santos,2569250.4460972394,115676.5802580645,3296834.1573702157,28,2023-07-01
Campos,847535.4888059895,13853.14880645162,934669.1627002964,31,2023-07-01
Solimões,11417.900411780967,13122.496032258066,93955.90718043808,7,2023-07-01
Potiguar,35789.435853533876,1145.1842903225804,42992.427454647746,67,2023-07-01
Recôncavo,18443.16186621033,2432.7891290322586,33744.94325788872,67,2023-07-01
Espírito Santo,19405.93983655677,891.813451612903,25015.277002646126,25,2023-07-01
Parnaíba,43.3548487416129,2958.8774516129033,18654.13183267097,7,2023-07-01
Alagoas,3184.1215595558065,1390.4544193548384,11929.815670958063,10,2023-07-01
Camamu,166.38434393,1734.5374516129032,11076.295352459354,1,2023-07-01
Sergipe,7216.676807394193,49.433419354838705,7527.603622786451,16,2023-07-01
Amazonas,222.63654952516129,669.9371935483871,4436.414208877743,1,2023-07-01
Tucano Sul,8.85848724516129,122.44106451612903,778.9895192493549,6,2023-07-01
Paraná,0.23690322580645162,27.921935483870968,175.62366902580646,1,2023-07-01
Barreirinhas,37.25190696774193,0.23690322580645162,38.74198324645161,1,2023-07-01
Total,3512721.6573746703,154075.85180645162,4481829.490825405,268,2023-07-01
Santos,2484799.457232085,111252.7485,3184558.1072748704,30,2023-06-01
Campos,796089.1090121346,12645.081999999999,875624.2722265548,30,2023-06-01
Solimões,12057.737272152668,14355.359433333335,102350.220589527,7,2023-06-01
Potiguar,33549.77504582634,1069.2001999999998,40274.84115578835,67,2023-06-01
Parnaíba,41.034301119333335,5634.546166666667,35481.259125681005,7,2023-06-01
Recôncavo,17217.862802197677,2447.8820333333338,32614.575694278,66,2023-06-01
Espírito Santo,14062.047288111331,743.8636000000001,18740.807998027325,26,2023-06-01
Camamu,174.005077726,1810.7421,11563.228845727,1,2023-06-01
Alagoas,2332.7758447976667,1383.9586000000004,11037.61248666367,10,2023-06-01
Sergipe,5956.923692692999,50.810066666666664,6276.509358113667,16,2023-06-01
Amazonas,228.64151229099997,700.7905666666667,4636.481026416667,1,2023-06-01
Tucano Sul,9.4976131,134.7089,856.7909994090002,6,2023-06-01
Paraná,0,27.87066666666667,175.3011979066667,1,2023-06-01
Barreirinhas,51.1990534,0.3256,53.247015536,1,2023-06-01
Total,3366570.0657476345,152257.88843333334,4324243.2549944995,269,2023-06-01
Santos,2430140.6699944134,110126.55516129031,3122815.7779134493,30,2023-05-01
Campos,695239.7651640185,11743.585032258063,769104.6837357655,30,2023-05-01
Solimões,12096.107088017743,13856.218774193549,99249.09049612806,7,2023-05-01
Potiguar,32065.99494132225,999.7253225806453,38354.07727254321,68,2023-05-01
Recôncavo,13415.151867692903,2328.0519999999997,28058.156617812903,68,2023-05-01
Camamu,182.75347300645163,2259.8617096774196,14396.854253152582,1,2023-05-01
Espírito Santo,9085.113766094515,800.4236774193547,14119.626616563548,27,2023-05-01
Alagoas,2084.2993828554836,1386.009870967742,10802.038129367094,9,2023-05-01
Sergipe,6692.810909217097,52.13006451612903,7020.699110311291,16,2023-05-01
Amazonas,222.96706889580645,661.2869677419355,4382.33645146871,1,2023-05-01
Tucano Sul,9.97036333548387,124.07312903225805,790.3667710538709,6,2023-05-01
Parnaíba,1.2279332296774192,43.7656129032258,276.5053229245161,6,2023-05-01
Paraná,0,27.690645161290323,174.1688968419355,1,2023-05-01
Barreirinhas,55.106851483870976,0.35045161290322585,57.31112554322581,1,2023-05-01
Total,3201291.9388035825,144409.72841935483,4109601.692712926,271,2023-05-01
Santos,2290785.2725502485,103520.71506451616,2941910.901370192,29,2023-03-01
Campos,751877.2891864132,12806.032387096775,832424.7997550984,30,2023-03-01
Solimões,12541.176884177095,14510.253096774193,103807.91191479837,7,2023-03-01
Potiguar,32384.22016818258,994.7610967741937,38641.07846228388,68,2023-03-01
Recôncavo,9943.266022415484,2112.077903225806,23227.834738904185,50,2023-03-01
Camamu,157.1058596945161,2028.2731612903226,12914.558672310002,1,2023-03-01
Espírito Santo,8279.648204687095,513.7458064516129,11511.011715564517,30,2023-03-01
Alagoas,2441.949747487097,1165.0548709677419,9769.92352544871,9,2023-03-01
Sergipe,6647.411466431289,53.23567741935484,6982.253762620322,16,2023-03-01
Amazonas,229.5669056596774,623.2837096774193,4149.903015625806,1,2023-03-01
Tucano Sul,9.66114816,127.50206451612904,811.6249085741937,6,2023-03-01
Parnaíba,5.027587160967743,49.84990322580645,318.5740069696774,4,2023-03-01
Paraná,0,25.633225806451613,161.22812000967744,1,2023-03-01
Barreirinhas,56.97350477419355,0.36232258064516126,59.252444965161295,1,2023-03-01
Total,3115358.5692354916,138530.78029032258,3986690.8564133644,253,2023-03-01
Santos,2741228.9240732873,121674.02210000003,3506535.4050180893,28,2023-11-01
Campos,843709.6909547991,13873.305933333328,930970.1493473382,32,2023-11-01
Solimões,12744.423295356333,13978.689466666669,100667.72408969101,7,2023-11-01
Potiguar,33797.588318318005,999.2619333333333,40082.756019217326,67,2023-11-01
Recôncavo,19653.795724202,2785.2586000000006,37172.543119068025,70,2023-11-01
Parnaíba,70.04898498899999,4312.22,27193.09346318901,7,2023-11-01
Espírito Santo,16477.64525438567,752.9020333333334,21213.255992666003,24,2023-11-01
Camamu,164.88254696233335,1764.0124,11260.185380606334,2,2023-11-01
Alagoas,2278.586825384,1081.9305333333332,9083.724313249333,10,2023-11-01
Sergipe,7914.978445911667,60.742399999999996,8297.036600855667,18,2023-11-01
Amazonas,227.40766122933331,703.4670666666666,4652.081851819999,1,2023-11-01
Tucano Sul,8.240489741333333,114.6893,729.6143957743333,6,2023-11-01
Paraná,0.14946666666666666,22.45266666666667,141.2230073266667,1,2023-11-01
Barreirinhas,23.502923366666664,0.14946666666666666,24.44304030133333,1,2023-11-01
Total,3678299.715497933,162123.10390000005,4698023.235639191,274,2023-11-01
Santos,2626968.22571191,114973.6629032258,3350130.7203772487,27,2023-10-01
Campos,818616.8807019552,13619.926387096773,904283.6298907805,30,2023-10-01
Solimões,11978.652596357417,13157.091677419356,94734.25939990644,7,2023-10-01
Potiguar,34419.91737757968,1171.4369677419352,41788.0333316526,66,2023-10-01
Recôncavo,20168.704892359667,2680.485903225806,37028.451931328374,71,2023-10-01
Espírito Santo,20566.03117557419,793.2868387096775,25555.6546665587,25,2023-10-01
Parnaíba,30.032016676129032,2043.3087096774195,12882.055571892259,5,2023-10-01
Camamu,179.44584453483873,1904.3291290322582,12157.314243613226,1,2023-10-01
Alagoas,2840.599731360968,1287.003129032258,10935.604882379357,10,2023-10-01
Sergipe,7197.156686404839,53.02080645161292,7530.647485032255,15,2023-10-01
Amazonas,242.7635357309678,723.7596774193548,4795.07439236,1,2023-10-01
Tucano Sul,2.1675496848387095,77.88493548387096,492.0489957406451,5,2023-10-01
Paraná,0,19.988387096774193,125.72315704516129,1,2023-10-01
Barreirinhas,24.753445806451612,0.15741935483870967,25.743583638709676,1,2023-10-01
Total,3543235.3312659357,152505.34287096772,4502464.961909176,265,2023-10-01
Santos,2743258.984152066,122466.63079999998,3513550.8232242144,27,2023-09-01
Campos,829113.865650168,13924.40736666666,916695.7423491024,33,2023-09-01
Solimões,11569.069772953335,12613.327433333334,90904.50279640769,7,2023-09-01
Potiguar,35456.47622597934,1173.4614666666669,42837.32589363399,63,2023-09-01
Recôncavo,19526.724789375337,2457.9572666666663,34986.808984827985,69,2023-09-01
Espírito Santo,20846.41854894101,774.3741666666668,25717.08492618267,28,2023-09-01
Parnaíba,31.281531393666672,1969.6741,12420.157382314666,6,2023-09-01
Alagoas,3069.313224778666,1275.0091,11088.878212049665,10,2023-09-01
Sergipe,9063.680995042998,55.82016666666667,9414.779237544668,15,2023-09-01
Amazonas,234.38012527466665,699.2204666666668,4632.344008719333,1,2023-09-01
Camamu,38.935810843,469.62763333333334,2992.8043952593334,1,2023-09-01
Tucano Sul,4.681505583000001,85.19966666666666,540.5712209796667,5,2023-09-01
Paraná,0,23.951999999999998,150.65352911999997,1,2023-09-01
Barreirinhas,28.849261866666666,0.18346666666666664,30.00323234133333,1,2023-09-01
Total,3672242.661594266,157988.84509999998,4665962.479392696,267,2023-09-01
Santos,2516321.9124529264,110927.88909677416,3214037.2585727074,29,2023-08-01
Campos,851991.0688775256,13862.412548387094,939183.0099484966,33,2023-08-01
Solimões,10392.799351806774,12316.247387096775,87859.65532964193,7,2023-08-01
Potiguar,33691.149150620964,1249.53435483871,41550.48283102903,69,2023-08-01
Recôncavo,19089.043382783228,2411.8862258064514,34259.34948472291,71,2023-08-01
Espírito Santo,20949.39083423516,799.1471612903224,25975.874640790647,27,2023-08-01
Parnaíba,36.40684055967741,2425.3100967741934,15291.146540350968,6,2023-08-01
Alagoas,2658.024402005484,1329.3322258064518,11019.27152920516,10,2023-08-01
Camamu,133.06620587451616,1671.9470000000001,10649.295165944515,1,2023-08-01
Sergipe,6510.158884759033,57.865838709677426,6874.12401573355,16,2023-08-01
Amazonas,237.9110487645161,698.205,4629.487839814516,1,2023-08-01
Tucano Sul,2.9978046048387097,82.88970967741936,524.3583294309677,5,2023-08-01
Paraná,0,27.065806451612904,170.23878007741936,1,2023-08-01
Barreirinhas,33.15338561290323,0.21083870967741933,34.47952103741935,1,2023-08-01
Total,3462047.0826220782,147859.94329032258,4392058.032528984,277,2023-08-01
Santos,2584892.372906525,114860.90096774197,3307345.616422439,29,2024-01-01
Campos,838006.5585391026,11996.692225806451,913463.4732679022,31,2024-01-01
Solimões,11642.153036681935,13584.263838709678,97084.59157203646,7,2024-01-01
Potiguar,35213.97383233838,1183.1301935483873,42655.63795502095,67,2024-01-01
Recôncavo,19952.9128734971,2687.695741935485,36858.00842808033,76,2024-01-01
Parnaíba,86.75047979967744,5141.52829032258,32425.986535553548,7,2024-01-01
Espírito Santo,17044.09122521387,761.0398709677421,21830.887416025485,25,2024-01-01
Alagoas,3035.461900205806,1274.5220967741934,11051.963729717096,10,2024-01-01
Camamu,149.21681477774194,1515.9449032258062,9684.222226536449,2,2024-01-01
Sergipe,8827.52819165,59.79293548387097,9203.614395185805,18,2024-01-01
Amazonas,236.27021994290322,723.6285806451613,4787.756502770645,1,2024-01-01
Tucano Sul,4.07965192483871,115.86396774193548,732.8419948677417,6,2024-01-01
Paraná,0,22.32741935483871,140.43522553225807,1,2024-01-01
Barreirinhas,15.683945580645162,0.09974193548387097,16.31130340387097,1,2024-01-01
Total,3519107.0536172404,153927.43077419358,4487281.346975071,281,2024-01-01
Santos,1204592.23775055,57444.4836525807,1565907.12547339,10,2018-01-01
Campos,1251616.01441849,23482.8014925806,1399318.37407454,41,2018-01-01
Solimões,19429.5964206581,11529.6208977419,91948.7212394843,7,2018-01-01
Espírito Santo,35005.4989259693,2596.95602419355,51339.8588965021,42,2018-01-01
Potiguar,44145.0808559506,971.328628387096,50254.553376066,80,2018-01-01
Recôncavo,31050.7608746996,2132.4181267742,44463.2657326652,78,2018-01-01
Parnaíba,50.0288626550935,6133.61023451613,38629.271851817,5,2018-01-01
Sergipe,22163.8025002277,2486.95765774193,37806.2936454695,21,2018-01-01
Camamu,422.353640101613,4440.63391258064,28353.0972297905,1,2018-01-01
Alagoas,2820.65591253825,1096.55268516129,9717.76395719258,12,2018-01-01
Ceará,3896.06616794129,70.7662148387097,4341.17221369596,4,2018-01-01
Tucano Sul,1.3452077516129,33.9213696774193,214.704177962342,4,2018-01-01
Total Geral,2615193.44153754,112420.050896774,3322294.20186858,305,2018-01-01
Santos,1231456.53380387,59233.6530503571,1604024.95709654,11,2018-02-01
Campos,1228621.42856575,22965.1150189286,1373067.63866296,38,2018-02-01
Solimões,21716.4248884321,13952.96964,109477.952859801,7,2018-02-01
Potiguar,42952.5859565268,1003.018385,49261.3810246836,81,2018-02-01
Espírito Santo,33573.0923703781,1924.69008785714,45679.0273318828,42,2018-02-01
Recôncavo,30356.9325569285,2185.08068857143,44100.674922712,79,2018-02-01
Sergipe,21308.4766535079,2294.67671142857,35741.5571798185,21,2018-02-01
Camamu,420.466160873571,4773.75060821429,30446.4504739259,2,2018-02-01
Alagoas,3003.69233416928,1182.69312785714,10442.6073966964,12,2018-02-01
Ceará,3932.26139407536,84.1166775,4461.33931338163,4,2018-02-01
Parnaíba,1.34064155245,176.519603928571,1111.61541153842,2,2018-02-01
Tucano Sul,2.06665185714286,36.5135567857143,231.729986463496,4,2018-02-01
Total Geral,2617345.30197792,109812.797156429,3308046.9316604,303,2018-02-01
Santos,1210843.92732024,57920.9700154838,1575155.82373333,11,2018-03-01
Campos,1195441.84867918,23049.2717216129,1340417.38844649,37,2018-03-01
Solimões,20613.2067795452,13779.3638554839,107282.787351406,7,2018-03-01
Potiguar,42521.5745565821,995.875902580644,48785.4447673929,82,2018-03-01
Recôncavo,29338.2161872889,2152.15218096774,42874.8444966616,83,2018-03-01
Espírito Santo,31917.7931415898,1068.64990548387,38639.3980036013,38,2018-03-01
Sergipe,19523.1343886305,2086.10446548387,32644.3351166756,20,2018-03-01
Camamu,404.692259415806,4731.35262645161,30164.0013227974,2,2018-03-01
Alagoas,2584.46575173178,1069.96293870968,9314.32934325729,12,2018-03-01
Ceará,4108.78409289065,83.2445280645161,4632.37635795612,4,2018-03-01
Tucano Sul,1.93360933225806,28.1997838709677,179.30489192171,4,2018-03-01
Parnaíba,0,7.05160322580645,44.3532444857097,1,2018-03-01
Total Geral,2557299.57676643,106972.199527419,3230134.38707598,301,2018-03-01
Santos,1247665.24751073,59427.2923243333,1621451.62504524,12,2018-04-01
Campos,1199194.55715423,22918.317888,1343346.42218935,41,2018-04-01
Solimões,21000.1660356,14191.9677463333,110264.946686165,7,2018-04-01
Potiguar,42347.311326793,1027.46229566667,48809.8539487002,81,2018-04-01
Recôncavo,28991.0603874151,2120.36572866667,42327.75795124,76,2018-04-01
Espírito Santo,32362.2189251177,1334.12206833333,40753.5932517414,38,2018-04-01
Camamu,372.833729258333,4388.80917933333,27977.6095935209,2,2018-04-01
Sergipe,17664.899703227,1620.144404,27855.3001769503,21,2018-04-01
Alagoas,2676.64857581129,1047.50562966667,9265.25996034499,12,2018-04-01
Ceará,4448.104571482,89.9577163333333,5013.92151525256,4,2018-04-01
Parnaíba,3.54771072221,553.182717333334,3482.96189803259,4,2018-04-01
Tucano Sul,1.1950639,28.2494653333333,178.878833448253,4,2018-04-01
Total Geral,2596727.79069428,108747.377163333,3280728.13104999,302,2018-04-01
Santos,1299092.90565509,60308.3796696773,1678421.15518522,12,2018-05-01
Campos,1157559.1340309,22215.2747812903,1297288.99150301,41,2018-05-01
Solimões,21533.1259845516,15019.1841887097,116000.94088654,7,2018-05-01
Espírito Santo,33680.7026547554,2661.40408129032,50420.4286592961,39,2018-05-01
Potiguar,41423.7776560934,985.78649,47624.1873787603,82,2018-05-01
Recôncavo,28439.7703124636,2055.64606903226,41369.3935139234,79,2018-05-01
Camamu,414.164307481613,5166.83094677419,32912.5492648114,2,2018-05-01
Sergipe,18372.0512850605,2133.88178645161,31793.7622843018,21,2018-05-01
Alagoas,2433.40240496881,1140.16732806452,9604.83826670228,11,2018-05-01
Ceará,4502.69216871581,98.4396222580645,5121.8586891908,4,2018-05-01
Parnaíba,2.29963772380968,78.9788187096774,499.061401432126,4,2018-05-01
Tucano Sul,1.8483925516129,28.4156935483871,180.577705989194,4,2018-05-01
Total Geral,2607455.87449035,111892.389475806,3311237.74473918,306,2018-05-01
Santos,1268708.09196814,58969.4382813333,1639614.65456445,13,2018-06-01
Campos,1172082.34471006,21168.3965656667,1305227.53711275,40,2018-06-01
Solimões,21079.1933050433,14693.9753033333,113501.506107702,7,2018-06-01
Espírito Santo,31750.3371614744,2670.627774,48548.0784406573,39,2018-06-01
Potiguar,41527.7732932717,971.418777666668,47637.8128352272,84,2018-06-01
Recôncavo,28892.254428845,2023.88302433333,41622.094114127,79,2018-06-01
Parnaíba,55.6838137262,5994.44069133333,37759.5768184815,5,2018-06-01
Sergipe,18282.9382369059,2199.34412566667,32116.3949119653,21,2018-06-01
Camamu,439.212819772667,5030.72119666667,32081.4933097786,2,2018-06-01
Alagoas,2561.86327736182,1076.386801,9332.13174215964,12,2018-06-01
Ceará,4462.74012071066,100.039653666667,5091.9705347398,4,2018-06-01
Tucano Sul,2.63962359666667,27.4959506666667,175.583929059373,4,2018-06-01
Total Geral,2589845.07275891,114926.168145333,3312708.8344211,310,2018-06-01
Santos,1298579.79309406,58258.684763871,1665015.8511087,13,2018-07-01
Campos,1131080.12710597,21275.9770025806,1264901.98001657,42,2018-07-01
Solimões,19870.5607969613,14353.0518119355,110148.529614191,7,2018-07-01
Parnaíba,74.8837286043387,7868.42407806452,49565.7761790553,5,2018-07-01
Espírito Santo,30804.5666250023,2610.81436677419,47226.0929372823,40,2018-07-01
Potiguar,40935.5135149698,953.747818064516,46934.4060785102,83,2018-07-01
Recôncavo,28456.1737717289,2026.9243116129,41205.1425761548,77,2018-07-01
Camamu,428.978636105484,5208.08335483871,33186.8334022035,2,2018-07-01
Sergipe,17927.3411909613,2172.45447967742,31591.6671017811,21,2018-07-01
Alagoas,2473.68322675324,1116.61159612903,9496.95801020159,12,2018-07-01
Ceará,4495.51853896227,99.1646561290322,5119.24538472921,4,2018-07-01
Tucano Sul,2.00462331612903,25.7507619354839,163.972023245555,4,2018-07-01
Total Geral,2575129.14485339,115969.689001613,3304556.45443262,310,2018-07-01
Santos,1210074.90066931,49134.5084183871,1519121.62306437,12,2018-08-01
Campos,1169719.24658663,20740.8642135484,1300175.34172565,42,2018-08-01
Solimões,20366.7781106581,14774.3213867742,113294.452512404,7,2018-08-01
Parnaíba,90.4661262170194,7796.20229032258,49127.0972539109,5,2018-08-01
Espírito Santo,29040.3199976503,2439.93063322581,44387.0200938203,40,2018-08-01
Potiguar,38139.1840797035,934.714855161289,44018.3629228455,84,2018-08-01
Recôncavo,28896.4896300706,1996.54780354839,41454.3959703073,77,2018-08-01
Camamu,442.68879872871,5157.27727096774,32880.9829504343,1,2018-08-01
Sergipe,17509.9444649039,2149.86937419355,31032.2143534002,21,2018-08-01
Alagoas,2884.94079390499,1095.00992129032,9772.34514693608,12,2018-08-01
Ceará,4580.18262791581,114.623782903226,5301.14444385834,4,2018-08-01
Tucano Sul,0.781153822580645,33.5146177419355,211.581731641984,4,2018-08-01
Total Geral,2521745.92303952,106367.384568065,3190776.56216958,309,2018-08-01
Santos,1271182.95188896,56679.9907026666,1627689.3242105,12,2018-09-01
Campos,1074408.24317943,19343.0148643333,1196072.13150327,40,2018-09-01
Solimões,20183.7507942033,14991.317241,114476.287889818,7,2018-09-01
Parnaíba,81.4061720290867,7909.487626,49830.5805369201,4,2018-09-01
Potiguar,39860.0768505483,936.977240999999,45753.4856707625,82,2018-09-01
Espírito Santo,27330.6698881735,2339.15185566667,42043.4906214642,40,2018-09-01
Recôncavo,28352.9382996154,1983.76451866667,40830.4402067702,79,2018-09-01
Camamu,458.440978603,5336.414067,34023.4715413603,2,2018-09-01
Sergipe,16800.434475188,2176.612383,30490.9128079052,20,2018-09-01
Alagoas,2706.99264876331,1066.312931,9413.89838529643,12,2018-09-01
Ceará,4357.43968591633,116.499642,5090.20029916435,4,2018-09-01
Tucano Sul,0.47802556,22.567607,142.42398574467,4,2018-09-01
Total Geral,2485723.822887,112902.110679333,3195856.64765897,306,2018-09-01
Santos,1303228.01358891,59239.1773341935,1675831.18357729,10,2018-10-01
Campos,1171482.40265021,22209.7267835484,1311177.36427064,40,2018-10-01
Solimões,19938.3649487613,14619.40822,111891.664964999,7,2018-10-01
Potiguar,40289.4137785114,938.172516774195,46190.3406562429,82,2018-10-01
Parnaíba,97.3701584822,6962.03387387097,43887.2404386945,5,2018-10-01
Recôncavo,28753.4622135487,2005.01639419355,41364.6343799112,79,2018-10-01
Espírito Santo,26288.000009913,2353.25038129032,41089.4977906566,38,2018-10-01
Camamu,418.270741823226,5180.45844967742,33002.3701031888,2,2018-10-01
Sergipe,16600.6626413516,2237.36257451613,30673.2481361689,20,2018-10-01
Alagoas,2622.91623474828,1155.75508645161,9892.3961350625,12,2018-10-01
Ceará,4410.10028150001,114.181973225806,5128.28319851542,4,2018-10-01
Tucano Sul,2.87910980322581,22.5931667741935,144.985836111216,5,2018-10-01
Total Geral,2614131.85635756,117037.136754516,3350273.20948748,304,2018-10-01
Santos,1291930.82297375,59608.8290123333,1666859.03178382,14,2018-11-01
Campos,1134661.32671225,21118.0808003333,1267490.042511,40,2018-11-01
Solimões,20015.6619117633,14943.509404,114007.496796137,7,2018-11-01
Potiguar,41141.5577458392,923.785468333334,46951.9928224169,82,2018-11-01
Espírito Santo,26984.3132315199,2384.47677066667,41982.2190684268,38,2018-11-01
Recôncavo,28891.7535503087,2038.41974,41713.026415158,77,2018-11-01
Camamu,456.853849879667,5245.68906566667,33451.2413920005,2,2018-11-01
Sergipe,16158.464996572,2204.58560333333,30024.889570274,21,2018-11-01
Parnaíba,40.2238339415933,2550.76669333333,16084.0616893365,4,2018-11-01
Alagoas,2660.968530251,1190.66235833333,10150.0085383196,12,2018-11-01
Ceará,4446.78224375967,105.927078,5113.04343823485,4,2018-11-01
Tucano Sul,3.85984673666667,37.1256996666667,237.373443757063,5,2018-11-01
Total Geral,2567392.58942658,112351.857694,3274064.42746887,306,2018-11-01
Santos,1336058.2053578,63193.765484516,1733534.98343997,15,2018-12-01
Campos,1216426.63108936,23137.8751283871,1361959.46945064,42,2018-12-01
Solimões,19725.9316884387,14656.1961741935,111910.620946843,7,2018-12-01
Potiguar,40789.3877644185,924.062361935484,46601.5644491439,83,2018-12-01
Recôncavo,28981.138773624,2082.37636290323,42078.8904447763,83,2018-12-01
Espírito Santo,25892.4333416254,1984.93079709677,38377.2709185126,39,2018-12-01
Sergipe,15792.2435819784,2251.39183258065,29953.0704444625,21,2018-12-01
Camamu,357.208454754839,4127.8466283871,26320.5794564503,1,2018-12-01
Alagoas,2585.47863229962,1162.81484612903,9899.36307963048,11,2018-12-01
Ceará,4397.79193491839,87.0946961290323,4945.60102557774,4,2018-12-01
Parnaíba,5.68088537801613,48.3954835483871,310.079281755497,4,2018-12-01
Tucano Sul,1.97013080967742,27.0899074193548,172.36050139501,5,2018-12-01
Total Geral,2691014.10163541,113683.839703226,3406063.85343916,315,2018-12-01
Santos,1303205.3288048,63337.7165229032,1701587.53156772,15,2019-01-01
Campos,1191513.11417751,22812.9186112903,1335002.03778799,40,2019-01-01
Solimões,19449.0542522387,14943.4093103226,113440.259566399,7,2019-01-01
Potiguar,41372.3943579267,979.783303225806,47535.0451763895,84,2019-01-01
Recôncavo,28169.6747076654,2137.35988935484,41613.2623133283,82,2019-01-01
Espírito Santo,24753.7960636518,1675.09621225806,35289.8329704747,38,2019-01-01
Sergipe,15630.3463032856,2039.59276580645,28458.9972775827,21,2019-01-01
Camamu,235.461472115161,2567.39143193548,16383.8657746173,2,2019-01-01
Alagoas,2600.4089795124,1212.66483612903,10227.8403924451,11,2019-01-01
Parnaíba,23.7276102589871,1406.78834774193,8872.15902776969,4,2019-01-01
Ceará,3972.36399800645,63.4963119354839,4371.74373578138,4,2019-01-01
Tucano Sul,0.279997993548387,20.4391774193548,128.838540517581,5,2019-01-01
Total Geral,2630925.95072497,113196.656720323,3342911.41413102,313,2019-01-01
Santos,1341507.79549957,63837.9740414286,1743036.52300509,16,2019-02-01
Campos,1024670.82182487,18836.2797617857,1143147.44263335,39,2019-02-01
Solimões,19877.607920375,15702.2330667857,118641.670486174,7,2019-02-01
Potiguar,41904.7415560519,985.403623214285,48102.7431193813,86,2019-02-01
Recôncavo,28181.9912716519,2190.05516892857,41957.0221737305,83,2019-02-01
Camamu,383.338310987857,4544.0988025,28964.8563999404,2,2019-02-01
Sergipe,14800.8881889526,1766.6210075,25912.5986681361,21,2019-02-01
Espírito Santo,11828.7857650782,990.113516785714,18056.4116640922,38,2019-02-01
Alagoas,2462.918513168,1090.06365392857,9319.21178428447,12,2019-02-01
Ceará,3795.588989405,60.8979664285714,4178.62562762709,4,2019-02-01
Parnaíba,7.23161245398929,124.380514642858,789.561417259781,4,2019-02-01
Tucano Sul,2.29578065,24.4896064285714,156.330752060493,5,2019-02-01
Total Geral,2489424.00523322,110152.610730357,3182262.99773112,317,2019-02-01
Santos,1406209.30389651,65814.0389567742,1820167.10426722,16,2019-03-01
Campos,1029333.92769791,19867.2735825806,1154295.30375036,39,2019-03-01
Solimões,20102.4762365161,15688.6314706452,118780.987346895,7,2019-03-01
Potiguar,40737.9906793941,965.443809032257,46810.4488038833,85,2019-03-01
Recôncavo,27655.2148368677,2185.29465903226,41400.3030361954,81,2019-03-01
Sergipe,14324.5428478542,1857.00426451613,26004.7468408504,20,2019-03-01
Espírito Santo,15157.7043012291,1053.08216774194,21781.391050714,40,2019-03-01
Camamu,302.431108156129,2858.24023709677,18280.2191338498,2,2019-03-01
Alagoas,2491.51788358866,1084.43157580645,9312.38645341183,12,2019-03-01
Ceará,3775.02973093452,70.5781167741935,4218.95267560201,4,2019-03-01
Tucano Sul,1.60288706451613,35.1008261290323,222.380414259164,5,2019-03-01
Parnaíba,3.78215405669355,12.1958761290322,80.4918976918419,4,2019-03-01
Total Geral,2560095.52426008,111491.315542258,3261354.71567093,315,2019-03-01
Santos,1446576.12371226,68400.4528,1876801.97573823,17,2019-04-01
Campos,1033299.47857616,19305.0283023333,1154724.43864246,39,2019-04-01
Solimões,19071.6956133767,15311.3652846667,115377.274094526,7,2019-04-01
Potiguar,40395.690940181,882.891346999999,45948.909763455,85,2019-04-01
Recôncavo,27277.5465659443,2030.28759966667,40047.6698132037,80,2019-04-01
Sergipe,14547.0960436675,1871.34618266667,26317.5079768661,21,2019-04-01
Espírito Santo,16099.5585211179,988.967888,22319.9786327392,37,2019-04-01
Camamu,195.974964735333,3044.21731133333,19343.5234517328,1,2019-04-01
Alagoas,2360.06377245181,925.032373666666,8178.34164666414,12,2019-04-01
Ceará,4073.88310047734,69.848512,4513.21696974005,4,2019-04-01
Parnaíba,2.73047151570333,66.0472616666667,418.15519841932,5,2019-04-01
Tucano Sul,2.41319043666667,32.645454,207.746893460407,5,2019-04-01
Total Geral,2603902.25547232,112928.130317,3314198.73882149,313,2019-04-01
Santos,1541561.93346228,72082.6413022581,1994948.05155164,17,2019-05-01
Campos,1064519.43660147,19798.4609225806,1189047.99409693,33,2019-05-01
Solimões,18734.8422687968,15404.5081070968,115626.271405895,7,2019-05-01
Potiguar,39636.4653641737,957.919475161289,45661.596858238,84,2019-05-01
Recôncavo,27226.1108874574,1962.23011580645,39568.1654921579,80,2019-05-01
Sergipe,13893.0616160591,1862.88385677419,25610.2471272359,19,2019-05-01
Espírito Santo,18650.1408386615,963.232964193548,24708.6931691758,38,2019-05-01
Camamu,299.534954996774,3849.13808645161,24509.882182541,1,2019-05-01
Alagoas,2196.41053280593,879.289100322581,7726.9719089059,11,2019-05-01
Ceará,4220.39048153065,71.3006864516129,4668.85825218087,4,2019-05-01
Parnaíba,1.51972968940323,71.4990387096774,451.235098355919,4,2019-05-01
Tucano Sul,1.78143650967742,36.1238709677419,228.99372136129,5,2019-05-01
Total Geral,2730941.62817443,117939.227526774,3472756.96086461,303,2019-05-01
Santos,1411938.71070833,65799.7131646666,1825806.40456859,17,2019-06-01
Campos,1023507.88126841,19295.319422,1144871.7743221,35,2019-06-01
Solimões,18553.0420739833,15651.0376823333,116995.0953987,7,2019-06-01
Potiguar,39212.9558875529,991.962289333334,45452.2102146246,84,2019-06-01
Recôncavo,26811.1161218205,1883.751462,38659.5549050227,74,2019-06-01
Sergipe,14290.366399418,1978.78783566667,26736.5659160725,22,2019-06-01
Espírito Santo,16347.4300959551,885.301255666667,21915.8067868598,38,2019-06-01
Parnaíba,57.6827111509933,2195.00870333333,13863.870403464,6,2019-06-01
Camamu,132.669075387,1545.326106,9852.47667016686,1,2019-06-01
Alagoas,2297.49578474324,818.582841,7446.22632389345,11,2019-06-01
Ceará,4280.655362719,73.9519653333333,4745.79917379225,4,2019-06-01
Tucano Sul,2.11756936666667,33.420872,212.328504280987,5,2019-06-01
Total Geral,2557432.12305884,111152.163599333,3256558.11318756,304,2019-06-01
Santos,1632466.28362394,75863.6100338711,2109633.97665108,17,2019-07-01
Campos,1017957.7518993,18378.5896209677,1133555.58868316,33,2019-07-01
Solimões,18750.9827328452,15365.7359719355,115398.542506485,7,2019-07-01
Potiguar,38814.768966322,972.914313870969,44934.2151468508,83,2019-07-01
Recôncavo,27378.5716372501,1948.45263096774,39633.9684800373,75,2019-07-01
Parnaíba,85.5156014023774,5497.63409677419,34664.5895196336,5,2019-07-01
Sergipe,14576.7838327717,1889.66312225806,26462.4058357817,22,2019-07-01
Espírito Santo,17643.1372684219,964.644105483871,23710.5654095354,37,2019-07-01
Camamu,171.207207920323,2347.36712516129,14935.7004254311,1,2019-07-01
Alagoas,2352.95307102993,809.204215806453,7442.69383965151,11,2019-07-01
Ceará,4504.12928885227,89.2479293548387,5065.48180738762,4,2019-07-01
Tucano Sul,0,29.6236696774194,186.327253773729,5,2019-07-01
Total Geral,2774702.08513006,124156.686836129,3555624.05555881,300,2019-07-01
Santos,1801433.73768321,82223.2647954839,2318602.45082649,17,2019-08-01
Campos,1058936.12057007,19184.6845932258,1179604.14157139,35,2019-08-01
Solimões,18584.2114641516,15410.8748803226,115515.686395153,7,2019-08-01
Potiguar,38224.1939479183,940.30978483871,44138.5638356947,83,2019-08-01
Recôncavo,28402.9539180272,2026.66934645161,41150.319040032,76,2019-08-01
Parnaíba,93.9451134606838,6254.19415032258,39431.6380221011,5,2019-08-01
Camamu,385.42758587129,4576.20282193548,29168.8738573093,1,2019-08-01
Espírito Santo,22189.2220795216,652.770760967742,26295.0261395641,36,2019-08-01
Sergipe,13749.9501392699,1189.55367225807,21232.0167225754,22,2019-08-01
Alagoas,2773.86940635873,748.986375161291,7484.85139871197,11,2019-08-01
Ceará,4655.70437658581,91.090649032258,5228.64725177539,4,2019-08-01
Tucano Sul,0.876515458064517,24.2015951612903,153.0999507195,5,2019-08-01
Total Geral,2989430.21279991,133322.803425161,3828005.31501152,302,2019-08-01
Santos,1691664.86335071,75079.857856,2163902.90409196,16,2019-09-01
Campos,1104135.34440826,20474.2001806667,1232914.1734466201,34,2019-09-01
Solimões,18305.9594677533,14963.3415143333,112422.534558022,7,2019-09-01
Parnaíba,95.6597243236266,7251.87006,45708.5445464122,6,2019-09-01
Recôncavo,29412.7294783449,2117.93273933333,42734.1240015311,77,2019-09-01
Potiguar,36049.6089256201,777.274365,40938.5169993407,83,2019-09-01
Camamu,397.428353980667,4610.99994566667,29399.7419222343,1,2019-09-01
Sergipe,16086.4064906691,2054.582613,29009.3407557426,22,2019-09-01
Espírito Santo,23529.6242349045,728.498496333333,28111.7413621268,34,2019-09-01
Alagoas,3025.28982563945,688.345415666666,7354.8517045538,11,2019-09-01
Ceará,4570.32753042099,82.8074066666667,5091.17038494706,4,2019-09-01
Tucano Sul,1.42359366333333,26.638335,168.973659529683,5,2019-09-01
Total Geral,2927274.66538429,128856.348927667,3737756.61743302,300,2019-09-01
Santos,1772865.71406662,78761.3318051613,2268259.52646804,16,2019-10-01
Campos,1061105.16579724,19722.726026129,1185157.36518365,36,2019-10-01
Solimões,17799.9228814258,14990.4738806452,112087.155400647,7,2019-10-01
Parnaíba,98.7885816511839,7540.88807129032,47529.5417813338,6,2019-10-01
Potiguar,37499.7348799355,866.808061935483,42951.7928959779,82,2019-10-01
Recôncavo,28282.6525832889,2070.45091645161,41305.3954620955,80,2019-10-01
Camamu,384.938806765161,4571.13313967742,29136.4977400396,1,2019-10-01
Sergipe,15222.4939398483,1956.53616387097,27528.7346687255,20,2019-10-01
Espírito Santo,23259.867359505,354.175318064516,25487.5628168203,33,2019-10-01
Alagoas,3015.82849770938,644.947843548387,7072.42789353846,11,2019-10-01
Ceará,4357.82323582484,80.9966225806452,4867.27660249881,4,2019-10-01
Tucano Sul,2.10607186451613,34.1928212903226,217.1724211446,5,2019-10-01
Total Geral,2963895.03670168,131594.660670645,3791600.44933451,301,2019-10-01
Santos,1916381.00852245,84276.574288,2446464.64824486,18,2019-11-01
Campos,1047446.55388711,19428.340912,1169647.12683881,34,2019-11-01
Solimões,17594.0305500767,14883.390179,111207.726931853,7,2019-11-01
Parnaíba,89.5694837051167,7928.24470333333,49956.7223011781,5,2019-11-01
Potiguar,37804.5535389632,857.920628666667,43200.7112883571,84,2019-11-01
Recôncavo,27664.3798440034,2024.77099233333,40399.8046792915,78,2019-11-01
Camamu,375.461192555667,4542.94924933333,28949.748810505,1,2019-11-01
Espírito Santo,20654.844272834802,490.093885333334,23737.4416937433,35,2019-11-01
Sergipe,14687.0925359476,1376.054593,23342.2144755449,20,2019-11-01
Alagoas,3504.729427178,674.397712,7746.56290009271,10,2019-11-01
Ceará,4265.65919771699,82.7970123333333,4786.43667386132,4,2019-11-01
Tucano Sul,0,31.3201806666667,196.997985559007,5,2019-11-01
Total Geral,3090467.88245254,136596.854336,3949636.14282366,301,2019-11-01
Santos,1996581.57815543,86877.488476129,2543024.47394747,18,2019-12-01
Campos,985636.172101084,18607.7560535484,1102675.42220425,32,2019-12-01
Solimões,17293.9746229677,14878.3956909677,110876.256623974,7,2019-12-01
Parnaíba,82.8248531479129,7230.04859838709,45558.456827769,5,2019-12-01
Potiguar,36276.9806737251,841.19512,41567.9381514523,85,2019-12-01
Recôncavo,27369.292357658,2030.06811548387,40138.0350911096,80,2019-12-01
Camamu,341.836362011935,4522.72433225806,28788.913094292,1,2019-12-01
Espírito Santo,21037.2820197736,516.709639354838,24287.2874764841,33,2019-12-01
Sergipe,14915.5614277171,1383.43355225806,23617.0956190454,21,2019-12-01
Alagoas,2972.60918219945,775.292893225807,7849.05417494006,10,2019-12-01
Ceará,4095.48804324193,86.448724516129,4639.23409519073,4,2019-12-01
Tucano Sul,0,31.2864212903226,196.785645496084,5,2019-12-01
Total Geral,3106603.59979896,137780.847617419,3973218.95295148,301,2019-12-01
Santos,2032344.53295322,86993.3917264516,2579516.43816818,18,2020-01-01
Campos,1016020.92326982,19005.0967009677,1135559.37055054,35,2020-01-01
Solimões,17055.8160397452,15213.3708564516,112745.028186363,7,2020-01-01
Parnaíba,88.1588270988354,7940.94821451613,50035.2143162445,5,2020-01-01
Potiguar,36408.9436733022,879.151644516129,41938.6404784962,83,2020-01-01
Recôncavo,26911.8915249347,1982.84542870968,39383.6125308871,79,2020-01-01
Espírito Santo,19399.7290874395,869.609430967742,24869.4071824347,34,2020-01-01
Sergipe,14827.5903189832,1436.91359387097,23865.5038108488,21,2020-01-01
Camamu,298.567338742258,3538.82840096774,22557.1256034332,1,2020-01-01
Alagoas,2636.76772128632,817.398566451613,7778.04939853934,10,2020-01-01
Ceará,2413.17163486903,48.1836683870968,2716.23775412688,4,2020-01-01
Tucano Sul,0,27.1347003225806,170.672109435971,5,2020-01-01
Total Geral,3168406.09238945,138752.872932581,4041135.30008952,302,2020-01-01
Santos,1887700.21053663,83048.9426996551,2410062.28081834,19,2020-02-01
Campos,961242.804768841,18471.5239731034,1077425.18097011,35,2020-02-01
Solimões,16239.3220906,13628.9268093103,101962.682225068,7,2020-02-01
Potiguar,36147.5010815794,761.482490344827,40937.0812641752,85,2020-02-01
Recôncavo,26656.2091148332,1925.96676758621,38770.1741492646,75,2020-02-01
Parnaíba,70.4728140758,5081.30563241379,32030.9197938884,5,2020-02-01
Espírito Santo,20227.3789146432,1013.98728482759,26605.1662786246,34,2020-02-01
Sergipe,16166.9816605921,1584.14560137931,26130.9565056037,22,2020-02-01
Camamu,180.4481422,2467.98174241379,15703.5843854517,1,2020-02-01
Alagoas,2849.4351044989,836.480847586207,8110.7407044551,10,2020-02-01
Ceará,4196.31571252,79.9284772413793,4699.0506479576,4,2020-02-01
Tucano Sul,0.1257962,34.5625717241379,217.5178054562,5,2020-02-01
Total Geral,2971677.20573721,128935.234897586,3782655.3355484,302,2020-02-01
Santos,1868380.78997065,82530.0836725807,2387479.33555529,19,2020-03-01
Campos,979856.013057067,18326.5085390323,1095126.26973096,34,2020-03-01
Solimões,16261.3176751097,13960.0888006452,104067.623814296,7,2020-03-01
Potiguar,35698.3395066156,740.826996129031,40358.0005551379,83,2020-03-01
Recôncavo,26546.6932706228,1684.28798193548,37140.5446622804,72,2020-03-01
Sergipe,19754.7569624579,1776.75839354839,30930.2296737825,22,2020-03-01
Espírito Santo,20561.46024688,1112.02659419355,27555.8962393045,36,2020-03-01
Alagoas,2764.84538551716,855.908518387097,8148.34734355351,10,2020-03-01
Parnaíba,17.863184167229,634.905088709677,4011.29556018424,4,2020-03-01
Ceará,3528.3760491671,66.966604516129,3949.58326791869,4,2020-03-01
Tucano Sul,0,32.6650719354839,205.457096110526,5,2020-03-01
Amazonas,15.0935150290323,26.3159677419355,180.615952091935,1,2020-03-01
Camamu,0,1.99687096774194,12.5599389816129,1,2020-03-01
Total Geral,2973385.54882328,121749.339100323,3739165.75938988,298,2020-03-01
Santos,2006785.5018917,89962.8862073333,2572634.96318745,18,2020-04-01
Campos,839976.853999233,15940.805699,940241.49309286,30,2020-04-01
Solimões,16734.0562778267,14222.952728333299,106193.726578025,7,2020-04-01
Potiguar,33773.5834324711,607.724168333333,37596.0529836958,76,2020-04-01
Recôncavo,25471.2013296601,1638.23842166667,35775.4097366434,69,2020-04-01
Espírito Santo,20407.0780082865,262.835577666667,22060.2638530501,36,2020-04-01
Sergipe,12607.1119523177,386.492981,15038.0793691413,13,2020-04-01
Alagoas,2592.95979818755,872.824222666667,8082.85832215857,11,2020-04-01
Parnaíba,5.71971420122,58.5799213333333,374.176289202833,5,2020-04-01
Tucano Sul,2.64591340666667,31.7661506666667,202.448965531373,5,2020-04-01
Amazonas,7.57293124,15.4055333333333,104.470808855333,1,2020-04-01
Camamu,0,5.29163333333333,33.2833682563333,1,2020-04-01
Total Geral,2958364.28524853,124005.803244667,3738337.22655487,272,2020-04-01
Santos,1801764.75026829,80850.0606158064,2310296.2700302,18,2020-05-01
Campos,853054.715500125,16427.9012809677,956383.093256169,29,2020-05-01
Solimões,15817.8231720097,12697.5085583871,95682.7394776384,7,2020-05-01
Potiguar,34729.9191810498,648.900002903225,38811.3769083105,76,2020-05-01
Recôncavo,25376.4036681638,1732.80351354839,36275.4085357156,73,2020-05-01
Espírito Santo,20404.9017893498,226.298972258064,21828.2793280482,34,2020-05-01
Sergipe,11623.2548399316,75.8358506451613,12100.247931678,11,2020-05-01
Alagoas,2657.58516022553,872.393025806452,8144.77153787321,11,2020-05-01
Camamu,0,657.04862483871,4132.71101099677,1,2020-05-01
Parnaíba,3.41556566915484,125.026470322581,789.808308968826,5,2020-05-01
Tucano Sul,2.15476716774194,53.3552925806452,337.74941999441,5,2020-05-01
Total Geral,2765434.92391198,114367.132208064,3484782.45574559,270,2020-05-01
Santos,2018900.48629727,88904.40585,2578092.30725666,22,2020-06-01
Campos,883815.24080517,17250.4005956667,992316.9829758,29,2020-06-01
Solimões,15323.74459661,13062.7658716667,97486.0600038777,7,2020-06-01
Potiguar,35172.118109086,625.107702,39103.9267842026,76,2020-06-01
Recôncavo,24896.9308036753,1647.70243133333,35260.6660333,71,2020-06-01
Espírito Santo,20874.20464632,941.077688,26793.4044990792,32,2020-06-01
Camamu,242.216389893333,2711.370015,17296.2186239405,1,2020-06-01
Parnaíba,12.9436448503533,2234.57512333333,14067.9966013436,6,2020-06-01
Sergipe,11255.8560855139,71.071205,11702.880461435,13,2020-06-01
Alagoas,2648.19685928907,959.606021666667,8683.93641042828,11,2020-06-01
Tucano Sul,3.94790407666667,64.468495,409.442488612617,5,2020-06-01
Total Geral,3013145.88614176,128472.550998667,3821213.82213868,273,2020-06-01
Santos,2081695.79512571,91131.6641174193,2654896.64740809,22,2020-07-01
Campos,887693.812914898,16907.9776654839,994041.779915035,30,2020-07-01
Solimões,15283.0067146226,13252.2335054839,98637.0375397501,7,2020-07-01
Potiguar,35134.642656184,632.157782903226,39110.7950006665,75,2020-07-01
Recôncavo,24734.1844908541,1914.23308645161,36774.3469003483,68,2020-07-01
Espírito Santo,20564.7993284595,880.994459999999,26106.0870929121,33,2020-07-01
Camamu,171.529611407097,2314.02644,14726.3162539835,1,2020-07-01
Parnaíba,42.6327318872806,2188.59474451613,13808.4778418923,5,2020-07-01
Sergipe,10496.6689677722,70.9320164516129,10942.8178741697,12,2020-07-01
Alagoas,2426.42452018937,967.228889677419,8510.1104627713,11,2020-07-01
Tucano Sul,3.69272716129032,71.8446648387097,455.582018510455,5,2020-07-01
Barreirinhas,57.732339916129,0.367148387096774,60.0416335127742,1,2020-07-01
Total Geral,3078304.92212906,130332.254521613,3898070.03994164,270,2020-07-01
Santos,2097667.86033185,93117.6806322581,2683360.37914943,21,2020-08-01
Campos,880518.74417456,17397.9525916129,989948.560364812,31,2020-08-01
Solimões,15323.6875825258,13819.5438903226,102245.992939316,7,2020-08-01
Potiguar,35785.6800963895,652.273379677419,39888.3557226183,74,2020-08-01
Recôncavo,24033.4724706721,1935.64752129032,36208.3276065591,66,2020-08-01
Espírito Santo,20139.4103335874,856.851993870968,25528.8465731569,35,2020-08-01
Camamu,175.834682006452,2496.06062645161,15875.5817708681,1,2020-08-01
Parnaíba,37.8166974132355,2185.70983645161,13785.5162838249,5,2020-08-01
Sergipe,10783.051157021,68.2584019354838,11212.3835360988,12,2020-08-01
Alagoas,2464.83177192145,904.719589032259,8155.34609021244,11,2020-08-01
Tucano Sul,0.795356619354839,81.1944022580645,511.492719886152,5,2020-08-01
Barreirinhas,40.0275392516129,0.254554838709677,41.6286408216774,1,2020-08-01
Total Geral,3086971.21219381,133516.14742,3926762.4113976,269,2020-08-01
Santos,1959038.47660726,85792.7823556667,2498658.77699575,21,2020-09-01
Campos,840182.58993351,16873.7648443333,946315.364789046,29,2020-09-01
Solimões,14932.0990939433,12508.7172016667,93609.5536361583,7,2020-09-01
Potiguar,35701.1003530441,624.566087666666,39629.5023769107,76,2020-09-01
Recôncavo,24141.6613044398,1957.30700966667,36452.7505069113,70,2020-09-01
Espírito Santo,19895.1884739588,827.453404333334,25099.7131710687,35,2020-09-01
Camamu,265.256173583667,3491.34533433333,22225.1549709268,1,2020-09-01
Parnaíba,32.8656745538533,2157.854524,13605.3606381543,6,2020-09-01
Sergipe,10559.8605187224,63.011838,10956.1930074932,12,2020-09-01
Alagoas,2347.66975006869,865.559239333333,7791.87290921988,10,2020-09-01
Tucano Sul,1.87436338,93.408244,589.39447057364,5,2020-09-01
Barreirinhas,23.0563468566667,0.146626666666667,23.9786007309334,1,2020-09-01
Total Geral,2907121.69859332,125255.916709667,3694957.61607295,273,2020-09-01
Santos,1808638.54304288,80628.829597,2315778.56173039,20,2020-11-01
Campos,843990.934510832,17048.063812,951220.016756188,29,2020-11-01
Solimões,15232.7960406133,13339.279357,99134.3287330655,6,2020-11-01
Parnaíba,72.90248938151,7405.486632,46652.0063622014,5,2020-11-01
Potiguar,35753.5832761715,635.086695333333,39748.157923346,76,2020-11-01
Recôncavo,21673.5333295204,1699.98797066667,32366.1346672993,72,2020-11-01
Espírito Santo,17141.8341975752,1117.18384833333,24168.7083386607,34,2020-11-01
Camamu,265.169583866,3704.092119,23563.2052348734,1,2020-11-01
Sergipe,9387.66193566299,62.621426,9781.53880713205,11,2020-11-01
Alagoas,2365.31349947021,677.589796333334,6627.22457634558,11,2020-11-01
Tucano Sul,0.282622129333333,79.279931,498.938324932443,5,2020-11-01
Barreirinhas,59.8370591333333,0.380533333333333,62.2305414986666,1,2020-11-01
Total Geral,2754582.39158724,126397.881718,3549601.05199593,271,2020-11-01
Santos,1817419.7089268,82680.6504390323,2337465.29086473,20,2020-12-01
Campos,809395.103388808,15949.6598806452,909715.433602689,31,2020-12-01
Solimões,15493.2628890968,13146.6998477419,98183.5070584225,6,2020-12-01
Parnaíba,69.2864936413807,7358.12620064516,46350.5022517213,5,2020-12-01
Potiguar,36262.3189541526,630.012773870967,40224.9795993739,72,2020-12-01
Recôncavo,22478.83208564,1784.53379580645,33703.2105998414,71,2020-12-01
Camamu,299.46982502871,3707.67694709677,23620.0533636475,1,2020-12-01
Espírito Santo,13536.0180557748,870.091820645161,19008.7302901869,34,2020-12-01
Sergipe,9084.19945293629,53.9174138709677,9423.32974187604,11,2020-12-01
Alagoas,2271.32325134745,707.517614516128,6721.47461830714,11,2020-12-01
Tucano Sul,4.0173645451,88.1353851612903,558.372191486435,5,2020-12-01
Barreirinhas,42.0402784516129,0.267354838709677,43.7218895896774,1,2020-12-01
Total Geral,2726355.58096623,126977.289473871,3525018.60607187,268,2020-12-01
Santos,1902802.58230001,83840.7720303226,2430145.10862406,20,2020-10-01
Campos,865724.316781411,17670.9317296774,976871.119884053,29,2020-10-01
Solimões,15679.7618425097,13608.8922370968,101277.108324323,7,2020-10-01
Parnaíba,70.6583377238581,6898.38569903226,43460.1936913539,5,2020-10-01
Potiguar,34831.2981418196,606.070755483871,38643.3680403696,76,2020-10-01
Recôncavo,23437.9831222668,2027.82099,36192.5918633786,68,2020-10-01
Espírito Santo,17988.0017985892,947.864406129032,23949.8888189037,35,2020-10-01
Camamu,320.655731182581,3486.93609225806,22252.8212336283,1,2020-10-01
Sergipe,10159.1243196437,65.1029438709677,10568.6094670328,11,2020-10-01
Alagoas,2476.07242325557,809.964357096774,7570.59433616643,10,2020-10-01
Tucano Sul,1.45274321290323,86.5057858064516,545.557699836181,5,2020-10-01
Barreirinhas,49.7909475483871,0.316645161290322,51.7825854503226,1,2020-10-01
Total Geral,2873541.69848918,130049.563671936,3691528.74456855,268,2020-10-01
Santos,1955046.21953979,89264.3433993548,2516501.97929649,21,2021-01-01
Campos,814173.143425554,17271.7457919355,922809.142825127,28,2021-01-01
Solimões,15620.9845825452,13774.1081674194,102257.507875061,6,2021-01-01
Parnaíba,70.961638448971,8232.28120806451,51850.4463037452,5,2021-01-01
Potiguar,36319.2215829129,653.247841290322,40428.0263875392,71,2021-01-01
Recôncavo,24176.6395108312,2066.64422741935,37175.4390388957,66,2021-01-01
Espírito Santo,16367.2302335369,944.816010967742,22309.9434274819,35,2021-01-01
Camamu,256.956593444516,3431.6976283871,21841.68265345,1,2021-01-01
Sergipe,8822.8846765194,57.0347064516129,9181.62214350582,11,2021-01-01
Alagoas,2125.93444942822,652.592954193549,6230.62013864434,10,2021-01-01
Tucano Sul,2.13493397653226,48.865255483871,309.488106571539,5,2021-01-01
Barreirinhas,32.078031,0.204,33.36115224,1,2021-01-01
Total Geral,2873014.38919799,136397.581190968,3730929.25934875,260,2021-01-01
Santos,1993374.11286084,90067.4509229032,2559881.26635023,22,2021-03-01
Campos,749352.976164499,14138.5148696774,838281.548376945,28,2021-03-01
Solimões,15529.3339349613,13735.3069406452,101921.804883301,6,2021-03-01
Potiguar,35940.683483614,650.108544516128,40029.742707997,71,2021-03-01
Recôncavo,23793.2657995173,2119.73574096774,37126.0008604136,69,2021-03-01
Camamu,257.102679354194,3638.70213516129,23143.847756113,1,2021-03-01
Espírito Santo,15151.7533699601,965.713701935484,21225.9090695309,31,2021-03-01
Sergipe,8595.59864060209,59.5894458064516,8970.40493272996,10,2021-03-01
Alagoas,2277.81455642529,622.088667419355,6190.63407764622,11,2021-03-01
Tucano Sul,2.51856166225806,70.4795090322581,445.821282368445,5,2021-03-01
Parnaíba,7.29379353014193,18.3853629032258,122.934232972481,3,2021-03-01
Barreirinhas,35.9736552580645,0.228774193548387,37.4126014683871,1,2021-03-01
Total Geral,2844318.42750022,126086.304615161,3637377.32713171,258,2021-03-01
Santos,2068424.61970758,92544.572462,2650512.39702479,20,2021-04-01
Campos,805601.917815069,16676.3592783333,910493.049167522,28,2021-04-01
Solimões,15228.85023314,13642.741353,101039.101222653,6,2021-04-01
Potiguar,33785.4781299009,639.493181666668,37807.7687388798,72,2021-04-01
Recôncavo,22941.1111637925,1977.733934,35380.6818392051,72,2021-04-01
Espírito Santo,19776.6004989524,925.374399,25597.0296475266,31,2021-04-01
Camamu,240.044937821,3150.90472366667,20058.6369777868,1,2021-04-01
Parnaíba,9.05037615995,1187.721524,7479.59309503039,6,2021-04-01
Sergipe,5993.1896049872,52.4149393333333,6322.86961455539,11,2021-04-01
Alagoas,2080.5869401833,567.883570333333,5652.4666997016,11,2021-04-01
Tucano Sul,1.97888324937333,66.348677,419.299455330743,5,2021-04-01
Barreirinhas,39.8354633333333,0.253333333333333,41.4288818666666,1,2021-04-01
Total Geral,2974123.26375417,131431.801375667,3800804.32236485,264,2021-04-01
Santos,2025108.14960704,90161.0823070967,2592204.22671304,19,2021-05-01
Campos,803717.220496233,16908.9122132258,910071.065624102,29,2021-05-01
Solimões,14864.8459430258,13554.6684296774,100121.134978695,6,2021-05-01
Potiguar,33501.5849962746,640.068787419354,37527.4960560727,70,2021-05-01
Parnaíba,41.2880110887,5849.7038883871,36834.8140253047,5,2021-05-01
Recôncavo,21984.7580023821,2177.04329225806,35677.9466724598,73,2021-05-01
Espírito Santo,20748.8036417779,931.325280645161,26606.6627052326,33,2021-05-01
Camamu,299.656896151935,3663.44110709677,23342.0054059803,1,2021-05-01
Sergipe,9490.9172056636,51.7612264516129,9816.48548541122,11,2021-05-01
Alagoas,1957.86804189962,549.062177419355,5411.36481605366,11,2021-05-01
Tucano Sul,2.49788644809677,63.0442593548387,399.034299380755,3,2021-05-01
Barreirinhas,32.950488516129,0.209548387096774,34.2685080567742,1,2021-05-01
Amazonas,0,3.78361096774194,23.7981941010129,1,2021-05-01
Total Geral,2931750.54121651,134554.106128387,3778070.3034839,263,2021-05-01
Santos,2082517.27393029,93370.0498863333,2669797.14740585,19,2021-06-01
Campos,719377.482715453,13757.1095963333,805907.088225567,30,2021-06-01
Solimões,14650.69089794,13323.379628,98452.2173159307,6,2021-06-01
Parnaíba,80.5161953631367,7263.88308933333,45768.9606894828,5,2021-06-01
Potiguar,33690.0179309301,697.135050666667,38074.8649439638,71,2021-06-01
Recôncavo,22368.4646835225,2173.909334,36041.941351609,74,2021-06-01
Espírito Santo,21121.9515361569,956.027125,27135.1805072531,33,2021-06-01
Camamu,309.496810180667,3635.90231133333,23178.6315270282,1,2021-06-01
Sergipe,7695.49173530284,50.07009,8010.42308808574,17,2021-06-01
Alagoas,1603.1223033425,447.083569666667,4415.1930106676,10,2021-06-01
Tucano Sul,2.30869362993,65.784484,416.08059893797,3,2021-06-01
Amazonas,1.88841062233333,9.57923633333333,62.1399871040966,1,2021-06-01
Barreirinhas,18.3033471,0.1164,19.035480984,1,2021-06-01
Total Geral,2903437.00918983,135750.029801,3757278.90413246,271,2021-06-01
Santos,2116851.13754051,94027.2291012903,2708264.5434141,19,2021-07-01
Campos,827791.218904615,16418.7599135484,931062.09919645,30,2021-07-01
Solimões,14353.0542481806,13538.3019890323,99506.4014818156,6,2021-07-01
Parnaíba,74.5114489532356,7434.20433580645,46834.244222352,6,2021-07-01
Potiguar,33683.454268081,693.177587741935,38043.4095912361,71,2021-07-01
Recôncavo,21438.8485520231,2220.15216096774,35403.1838155996,69,2021-07-01
Espírito Santo,20651.0995836594,993.910803225806,26902.6096928971,36,2021-07-01
Camamu,283.618083549032,3161.95482967742,20171.7131908024,1,2021-07-01
Sergipe,8253.30688620129,52.0870841935484,8580.92474923271,16,2021-07-01
Alagoas,1839.24711511966,529.889854838709,5172.15362298272,11,2021-07-01
Tucano Sul,1.95938943737419,66.8555858064516,422.468321598652,3,2021-07-01
Amazonas,10.5494296207065,41.3230806451613,270.463755493448,1,2021-07-01
Barreirinhas,27.5534257419355,0.175225806451613,28.6555627716129,1,2021-07-01
Total Geral,3045259.55887569,139178.021552581,3920662.87061733,270,2021-07-01
Santos,2087871.87527692,91320.7988454839,2662262.34906323,20,2021-08-01
Campos,812763.473452396,16214.0600383871,914746.830422443,28,2021-08-01
Solimões,13843.0947141194,13324.0864916129,97649.0671699311,6,2021-08-01
Parnaíba,72.8532582270516,7991.84817387097,50340.0598207224,6,2021-08-01
Potiguar,33340.5644278211,683.141828709677,37637.3967334575,71,2021-08-01
Recôncavo,21667.8572269004,2166.32564580645,35293.6339371502,69,2021-08-01
Espírito Santo,18391.0104990548,1004.9051,24711.6726460858,33,2021-08-01
Camamu,229.059865814839,3099.76799516129,19726.0115994603,1,2021-08-01
Sergipe,7508.40168705323,45.4632883870968,7794.35713298328,17,2021-08-01
Alagoas,1396.82789967652,602.433631612903,5186.02098013167,11,2021-08-01
Amazonas,18.5129398009677,78.325724516129,511.166865119761,1,2021-08-01
Tucano Sul,2.20719780651935,63.0720080645161,398.918144850794,3,2021-08-01
Barreirinhas,26.9650241612903,0.171483870967742,28.0436251277419,1,2021-08-01
Total Geral,2997132.70346975,136594.400255484,3856285.5281407,267,2021-08-01
Santos,2171768.95769946,90360.7571333333,2740120.9515242702,20,2021-09-01
Campos,731241.66992074,14748.299802,824005.673498358,28,2021-09-01
Solimões,13411.6842886767,12877.944719,94411.50976169,6,2021-09-01
Parnaíba,52.6889982690233,8076.79019033333,50854.1647053295,5,2021-09-01
Potiguar,33632.2382812274,665.681877666667,37819.250812194,71,2021-09-01
Recôncavo,21564.5588280108,2137.318478,35007.8859641199,72,2021-09-01
Espírito Santo,19858.6968686056,901.218784,25527.1917883967,31,2021-09-01
Camamu,213.661071814,2769.18794033333,17631.327070802,1,2021-09-01
Sergipe,7332.85377966809,40.3869053333333,7586.87974070275,17,2021-09-01
Alagoas,1660.06142267227,594.168186333333,5397.26642275354,11,2021-09-01
Amazonas,37.2859915833967,135.60231,890.198757044497,1,2021-09-01
Tucano Sul,3.02732119525667,65.377478,414.239236094437,3,2021-09-01
Barreirinhas,23.8803119666667,0.151866666666667,24.8355244453334,1,2021-09-01
Total Geral,3000801.26478389,133372.885671,3839691.3748062,267,2021-09-01
Santos,1998128.79181079,87722.0123254839,2549883.58215574,21,2021-10-01
Campos,684430.336091962,14860.6171974194,777900.794746462,30,2021-10-01
Solimões,13868.2884466258,13599.5988506452,99407.1812934022,7,2021-10-01
Parnaíba,71.7487188957484,7981.10065774193,50271.3554469675,6,2021-10-01
Potiguar,33014.3930668879,583.925339032259,36687.1725035863,72,2021-10-01
Recôncavo,21439.4812683586,2243.13683419355,35548.3857594375,72,2021-10-01
Espírito Santo,16886.8308330035,640.689528387097,20916.646235548,33,2021-10-01
Camamu,281.719778311613,3246.66278870968,20702.6118533656,1,2021-10-01
Sergipe,7380.23686228755,43.9806412903226,7656.86673968183,17,2021-10-01
Alagoas,1877.51978520745,548.594190967742,5328.07301349826,12,2021-10-01
Amazonas,49.6623087600613,167.057122258065,1100.41986691006,1,2021-10-01
Tucano Sul,4.06767896715806,65.8037041935484,417.960475640781,3,2021-10-01
Barreirinhas,12.6404891290323,0.0803870967741935,13.1461086941936,1,2021-10-01
Total Geral,2777445.71713918,131703.259567419,3605834.19619893,276,2021-10-01
Santos,2043530.88126545,92777.8834887097,2627086.14061158,22,2021-12-01
Campos,698554.200086567,15127.0550409677,793700.502153797,30,2021-12-01
Solimões,13922.5715358968,13810.5800029032,100788.495743958,7,2021-12-01
Potiguar,33983.6339306317,775.521652258065,38861.517774221,72,2021-12-01
Recôncavo,20464.0286166643,2156.35394967742,34027.0852528849,77,2021-12-01
Espírito Santo,18223.465253009,913.978988709678,23972.219435985,33,2021-12-01
Parnaíba,19.0676137972162,3432.18099064516,21606.8339305671,5,2021-12-01
Camamu,213.879510828387,2503.93848290323,15963.1768199779,1,2021-12-01
Sergipe,7545.20724475572,43.3377270967742,7817.79331402628,17,2021-12-01
Alagoas,1805.89406253176,497.173261935483,4933.01941718618,12,2021-12-01
Amazonas,73.4418505309677,106.715983870968,744.665113042421,1,2021-12-01
Tucano Sul,7.96505422716774,93.6545377419355,597.034302261771,5,2021-12-01
Barreirinhas,27.9592199354839,0.177806451612903,29.0775887329032,1,2021-12-01
Total Geral,2838372.19524483,132238.551913871,3670127.56145821,283,2021-12-01
Santos,2049810.38410146,92020.1834953333,2628599.85445224,21,2021-11-01
Campos,705678.07572069,15266.556979,801701.818472774,30,2021-11-01
Solimões,14129.3243538333,13842.130206,101193.693344834,7,2021-11-01
Parnaíba,57.42109698706,7542.68258566667,47499.4614511391,6,2021-11-01
Potiguar,33421.1775468568,736.06052,38050.858366158,72,2021-11-01
Recôncavo,20213.8187256269,2124.43711266667,33576.1245212489,75,2021-11-01
Espírito Santo,18815.7674544562,877.403340333333,24334.4677585182,34,2021-11-01
Camamu,263.796099022333,3424.46258233333,21803.0150940084,1,2021-11-01
Sergipe,7775.00111029626,40.3452863333333,8028.76529572852,17,2021-11-01
Alagoas,1415.33882443879,396.601739666666,3909.88841261158,12,2021-11-01
Amazonas,75.8899122153333,238.672297333333,1577.0933147055,1,2021-11-01
Tucano Sul,5.55041767526,75.2996126666667,479.170674422187,3,2021-11-01
Barreirinhas,19.0790903333333,0.121333333333333,19.8422539466666,1,2021-11-01
Total Geral,2851680.62445389,136584.957090667,3710774.05341234,280,2021-11-01
Santos,1928392.64709782,88912.2793103571,2487633.99062689,21,2021-02-01
Campos,785862.634992168,16251.4449010714,888081.135645376,28,2021-02-01
Solimões,15527.6472079179,13104.6930067857,97953.6763289287,6,2021-02-01
Potiguar,35895.4006018045,642.117687857143,39934.1988560652,71,2021-02-01
Recôncavo,23865.8464107851,2196.10482821429,37678.9285203356,69,2021-02-01
Parnaíba,86.0135718194536,5349.82328214286,33735.3855500744,6,2021-02-01
Espírito Santo,17809.0801588487,1008.77697964286,24154.0956931761,34,2021-02-01
Camamu,236.372856888571,2871.94046,18300.3326816012,1,2021-02-01
Sergipe,9041.09953932435,64.3033539285714,9445.55541789782,9,2021-02-01
Alagoas,2149.17206624195,630.022270714285,6111.89244480337,11,2021-02-01
Tucano Sul,1.74045557146071,54.9665346428571,347.46951483345,5,2021-02-01
Barreirinhas,44.6127237857143,0.283714285714286,46.3972327371428,1,2021-02-01
Total Geral,2818912.26768297,131086.756329643,3643423.05851272,262,2021-02-01
Santos,2246893.79529993,100545.613493,2879306.60050434,24,2022-04-01
Campos,661187.913119162,13779.364502,747857.497757487,29,2022-04-01
Solimões,13950.6518177667,14195.4919663333,103237.59914253,7,2022-04-01
Potiguar,32944.7762485218,875.621225333334,38452.2673878356,75,2022-04-01
Recôncavo,19358.8051300802,2148.04937166667,32869.6275484829,74,2022-04-01
Espírito Santo,14760.7801047371,819.609095333333,19915.9655886556,36,2022-04-01
Camamu,266.375550103333,3000.1818,19136.9490375613,1,2022-04-01
Alagoas,2881.40277557709,838.108035666666,8152.94307939364,12,2022-04-01
Sergipe,6505.34932439318,44.9358886666667,6787.98752628767,17,2022-04-01
Amazonas,185.860321274333,415.956495333333,2802.14764518688,1,2022-04-01
Tucano Sul,15.41002192038,106.428158666667,684.822918583567,5,2022-04-01
Parnaíba,6.42593197141667,73.2625773333333,467.23362350839,4,2022-04-01
Barreirinhas,15.3681024333333,0.0977333333333333,15.9828265306666,1,2022-04-01
Total Geral,2998972.91374787,136842.720342667,3859687.62458638,286,2022-04-01
Santos,2176971.21286509,98785.7070935714,2798314.54119931,25,2022-02-01
Campos,645706.136321626,13794.2048553571,732469.0639629,28,2022-02-01
Solimões,13104.3249356429,13026.3705407143,95037.720626333,7,2022-02-01
Potiguar,35556.4581127508,907.903976428571,41267.001622731,71,2022-02-01
Recôncavo,21512.7947202444,2166.82669821429,35141.7229549397,75,2022-02-01
Camamu,236.579522074286,3011.59288428571,19178.9265615834,1,2022-02-01
Espírito Santo,14134.7482090001,783.139081428572,19060.5442347603,31,2022-02-01
Sergipe,7416.95309918083,35.6617621428571,7641.25880732459,17,2022-02-01
Alagoas,1805.20855889332,405.795021785715,4357.58214487133,12,2022-02-01
Amazonas,88.0634006812071,206.583670714286,1387.43543857663,1,2022-02-01
Tucano Sul,4.19842346503214,76.2544732142857,483.824571632979,5,2022-02-01
Parnaíba,0.811160853928571,20.0743182142857,127.074808301325,4,2022-02-01
Barreirinhas,17.4766863571429,0.111142857142857,18.1757538114286,1,2022-02-01
Total Geral,2916554.96601586,133220.225518928,3754484.87268707,278,2022-02-01
Santos,2213430.13726719,100209.152823226,2843726.66878624,24,2022-01-01
Campos,723510.656827237,15432.235246129,820576.484400692,30,2022-01-01
Solimões,13954.3513081645,14000.3295896774,102013.764364613,7,2022-01-01
Potiguar,34582.9864722231,860.648303548387,39996.3007783648,72,2022-01-01
Recôncavo,20899.5053386686,2175.3982816129,34582.3472043403,76,2022-01-01
Espírito Santo,16422.5175985098,846.55289580645206,21747.1744680822,32,2022-01-01
Camamu,256.802594548064,3217.72661322581,20495.6916236819,1,2022-01-01
Sergipe,7469.59309066094,37.2608890322581,7703.95700310492,17,2022-01-01
Alagoas,1885.53151591173,429.786212258064,4588.80513163462,12,2022-01-01
Amazonas,43.1811688267742,120.043767741935,798.233659607674,1,2022-01-01
Tucano Sul,4.3009964256516096,88.7650680645161,562.616409188526,5,2022-01-01
Parnaíba,1.34714338991613,13.2912329032258,84.9464730169549,4,2022-01-01
Barreirinhas,19.6201492580645,0.124774193548387,20.4049552283871,1,2022-01-01
Total Geral,3032480.53147101,137431.315697419,3896897.3952578,282,2022-01-01
Santos,2141388.72004237,93024.8538643333,2726497.37612679,26,2022-06-01
Campos,610114.591576503,12222.2043513333,686989.934727562,30,2022-06-01
Solimões,13149.0469823167,13315.567234,96901.4349264022,7,2022-06-01
Parnaíba,59.0794536154367,6556.89944166667,41300.7311308048,5,2022-06-01
Potiguar,32104.3831024665,911.749233333334,37839.1125477788,72,2022-06-01
Recôncavo,19142.8967301192,2230.16869466667,33170.2340875206,72,2022-06-01
Camamu,243.182295049,2488.38303333333,15894.6387819393,1,2022-06-01
Espírito Santo,9234,625,13167,39,2022-06-01
Alagoas,2391.7739061751,926.805846666667,8221.20658859757,12,2022-06-01
Amazonas,213.317853655127,475.412476333333,3203.57200142129,1,2022-06-01
Tucano Sul,16.4205847270467,119.760655666667,769.692354345803,5,2022-06-01
Sergipe,477.613072163597,5.78572833333334,514.00420409188,7,2022-06-01
Barreirinhas,14.6342912666667,0.0930666666666667,15.2196629173334,1,2022-06-01
Total Geral,2828550,132903,3664484,278,2022-06-01
Santos,2195346.20398445,97151.6568551613,2806411.66678861,26,2022-05-01
Campos,597821.209302545,12950.8735103226,679279.743016507,27,2022-05-01
Solimões,13102.6481360645,13383.8589677419,97284.5781099574,7,2022-05-01
Potiguar,30887.7585149403,891.313118064516,36493.9486780737,75,2022-05-01
Recôncavo,19002.6935882282,2062.47977903226,31975.2995271831,74,2022-05-01
Espírito Santo,16736.7319413583,787.724851290323,21691.3715882527,35,2022-05-01
Camamu,235.166865530645,3016.9105483871,19210.9610018813,1,2022-05-01
Alagoas,2374.74636790373,864.907343225806,7814.84922439884,12,2022-05-01
Sergipe,3069.40598797866,29.2724293548387,3253.52400685902,16,2022-05-01
Amazonas,184.095635272642,399.211988064516,2695.06318992072,1,2022-05-01
Tucano Sul,11.7801932648839,114.362119677419,731.096197233113,5,2022-05-01
Parnaíba,0.986207715493548,60.3853267741935,380.798439913084,5,2022-05-01
Barreirinhas,19.3158036129032,0.122838709677419,20.0884357574193,1,2022-05-01
Total Geral,2878792.74252886,131713.079675806,3707242.98820455,285,2022-05-01
Santos,1145073.10689268,54170.9227241935,1485797.91835254,11,2017-10-01
Campos,1312417.84632459,25273.6619448387,1471384.37796186,45,2017-10-01
Solimões,19974.3872993226,12480.1130332258,98471.9270568366,7,2017-10-01
Espírito Santo,40578.5292797677,3147.65623709677,60376.6889564213,42,2017-10-01
Potiguar,46608.9613448338,1038.47458032258,53140.7691448926,80,2017-10-01
Parnaíba,54.5780509254033,7553.80942645161,47566.604119515,3,2017-10-01
Recôncavo,32207.5567408105,2111.20548709677,45486.6381256067,75,2017-10-01
Sergipe,22646.6779399665,2347.28986612903,37410.6852128435,21,2017-10-01
Camamu,423.44826993871,5260.79957612903,33512.8780518709,1,2017-10-01
Alagoas,3372.13534675117,1110.64294677419,10357.868459801,12,2017-10-01
Ceará,4068.20061559387,73.5668009677419,4530.92181598879,4,2017-10-01
Tucano Sul,1.87274020322581,35.9289235483871,227.858842827106,4,2017-10-01
Total Geral,2627427.30084539,114604.071546774,3348265.136101,305,2017-10-01
Santos,1160260.72494288,54638.8353236667,1503928.61775004,9,2017-11-01
Campos,1269122.5586815,24003.124132,1420097.6488782,44,2017-11-01
Solimões,18765.4258950467,11954.962053,93959.8657656266,7,2017-11-01
Espírito Santo,39538.2820172579,2900.59695166667,57782.4857298204,42,2017-11-01
Potiguar,45019.6296808132,1039.278316,51556.4928255731,80,2017-11-01
Parnaíba,58.3685352605667,7541.83731433333,47495.0922933275,4,2017-11-01
Recôncavo,31378.1598535604,2075.49845366667,44432.6507824176,78,2017-11-01
Sergipe,22511.8171877922,2430.545526,37799.4867426822,21,2017-11-01
Camamu,436.291412688,5601.89932433333,35671.173801873,1,2017-11-01
Alagoas,3195.48007489556,1113.10579333333,10196.7040248615,12,2017-11-01
Ceará,4353.964356231,77.5951223333333,4842.02293263442,4,2017-11-01
Tucano Sul,2.63962359666667,32.8030653333333,208.96467196092,4,2017-11-01
Total Geral,2594643.34226153,113410.081375667,3307971.20619901,306,2017-11-01
Santos,1175620.09253074,54554.8153645161,1518759.51575863,10,2017-12-01
Campos,1275491.80334897,24515.460646129,1429689.3928756,45,2017-12-01
Solimões,19028.6798733161,11698.0794274194,92607.3768366927,7,2017-12-01
Espírito Santo,37418.1570242284,2500.45300709677,53145.5313527958,43,2017-12-01
Potiguar,44332.0539088646,1003.25664290323,50642.3475739638,79,2017-12-01
Parnaíba,70.5353577355614,7616.5881416129,47977.4276167338,5,2017-12-01
Recôncavo,30861.2002385889,2167.33505645161,44493.3259500088,77,2017-12-01
Sergipe,22315.530310635,2491.54221483871,37986.8574489496,20,2017-12-01
Camamu,460.02412378,5876.63178290323,37422.9214782025,1,2017-12-01
Alagoas,2832.04949755905,825.702072903226,8025.55865272649,11,2017-12-01
Ceará,3939.17226484226,86.3132419354839,4482.06615710049,4,2017-12-01
Tucano Sul,2.69650241612903,36.5173703225806,232.3838234448,4,2017-12-01
Total Geral,2612371.99498168,113372.694969032,3325464.70552485,306,2017-12-01
